INSERT INTO
    walking_information (id, pedestrian_id)
VALUES
    (
        '01JET50F7TC323G0HJRYTN3EDW',
        '01F8VYXK67BGC1F9RP1E4S9YAK'
    );

INSERT INTO
    walking_samples (
        id,
        is_converged,
        trajectory_id,
        walking_information_id
    )
VALUES
    (
        '01JET50F7TH0XW6BVCCB9ZFD11',
        TRUE,
        '01JET1DV4WJ2EP78B8HAKK5SP0',
        '01JET50F7TC323G0HJRYTN3EDW'
    );

INSERT INTO
    estimated_positions (id, x, y, direction, walking_sample_id)
VALUES
    (
        '01JET50F7T56TXJMTWBXB4VT3E',
        350,
        300,
        90,
        '01JET50F7TH0XW6BVCCB9ZFD11'
    );

INSERT INTO
    walking_information (id, pedestrian_id)
VALUES
    (
        '01JET50F7TSCYT8ADWZH2HVDY6',
        '01F8VYXK67BGC1F9RP1E4S9YAK'
    );

INSERT INTO
    walking_samples (
        id,
        is_converged,
        trajectory_id,
        walking_information_id
    )
VALUES
    (
        '01JET50F7T7CQDSQA7ZAVS1Y8E',
        TRUE,
        '01JET1DV4WJ2EP78B8HAKK5SP0',
        '01JET50F7TSCYT8ADWZH2HVDY6'
    );

INSERT INTO
    estimated_positions (id, x, y, direction, walking_sample_id)
VALUES
    (
        '01JET50F7TAD2B19PQZ4W0WVVC',
        410,
        300,
        90,
        '01JET50F7T7CQDSQA7ZAVS1Y8E'
    );

INSERT INTO
    walking_information (id, pedestrian_id)
VALUES
    (
        '01JET50F7TC9YZH9GAB5W1KYS6',
        '01F8VYXK67BGC1F9RP1E4S9YAK'
    );

INSERT INTO
    walking_samples (
        id,
        is_converged,
        trajectory_id,
        walking_information_id
    )
VALUES
    (
        '01JET50F7T37EZ04PTDCZ9Z77K',
        TRUE,
        '01JET1DV4WJ2EP78B8HAKK5SP0',
        '01JET50F7TC9YZH9GAB5W1KYS6'
    );

INSERT INTO
    estimated_positions (id, x, y, direction, walking_sample_id)
VALUES
    (
        '01JET50F7T92FZ01N8X2HT4QBA',
        470,
        300,
        90,
        '01JET50F7T37EZ04PTDCZ9Z77K'
    );

INSERT INTO
    walking_information (id, pedestrian_id)
VALUES
    (
        '01JET50F7TQM2BVB32Z3KBBA9P',
        '01F8VYXK67BGC1F9RP1E4S9YAK'
    );

INSERT INTO
    walking_samples (
        id,
        is_converged,
        trajectory_id,
        walking_information_id
    )
VALUES
    (
        '01JET50F7TB9877GW9SE0HNN5Q',
        TRUE,
        '01JET1DV4WJ2EP78B8HAKK5SP0',
        '01JET50F7TQM2BVB32Z3KBBA9P'
    );

INSERT INTO
    estimated_positions (id, x, y, direction, walking_sample_id)
VALUES
    (
        '01JET50F7T8BQ5W0GWTPTETFAW',
        530,
        300,
        90,
        '01JET50F7TB9877GW9SE0HNN5Q'
    );

INSERT INTO
    walking_information (id, pedestrian_id)
VALUES
    (
        '01JET50F7TW5FTZHQ8N78MMA21',
        '01F8VYXK67BGC1F9RP1E4S9YAK'
    );

INSERT INTO
    walking_samples (
        id,
        is_converged,
        trajectory_id,
        walking_information_id
    )
VALUES
    (
        '01JET50F7T9Z0AVCDBK0W1E53Z',
        TRUE,
        '01JET1DV4WJ2EP78B8HAKK5SP0',
        '01JET50F7TW5FTZHQ8N78MMA21'
    );

INSERT INTO
    estimated_positions (id, x, y, direction, walking_sample_id)
VALUES
    (
        '01JET50F7TPPG1Y32XK447QKQC',
        590,
        300,
        90,
        '01JET50F7T9Z0AVCDBK0W1E53Z'
    );

INSERT INTO
    walking_information (id, pedestrian_id)
VALUES
    (
        '01JET50F7TR3BW0N54EA42CQY1',
        '01F8VYXK67BGC1F9RP1E4S9YAK'
    );

INSERT INTO
    walking_samples (
        id,
        is_converged,
        trajectory_id,
        walking_information_id
    )
VALUES
    (
        '01JET50F7TB7ZF2908JAFAGK63',
        TRUE,
        '01JET1DV4WJ2EP78B8HAKK5SP0',
        '01JET50F7TR3BW0N54EA42CQY1'
    );

INSERT INTO
    estimated_positions (id, x, y, direction, walking_sample_id)
VALUES
    (
        '01JET50F7TB681G73RR6HEF6SW',
        650,
        300,
        90,
        '01JET50F7TB7ZF2908JAFAGK63'
    );

INSERT INTO
    walking_information (id, pedestrian_id)
VALUES
    (
        '01JET50F7TMHME9J11CGHQ046S',
        '01F8VYXK67BGC1F9RP1E4S9YAK'
    );

INSERT INTO
    walking_samples (
        id,
        is_converged,
        trajectory_id,
        walking_information_id
    )
VALUES
    (
        '01JET50F7T7CZ73EY2N1NQS2YH',
        TRUE,
        '01JET1DV4WJ2EP78B8HAKK5SP0',
        '01JET50F7TMHME9J11CGHQ046S'
    );

INSERT INTO
    estimated_positions (id, x, y, direction, walking_sample_id)
VALUES
    (
        '01JET50F7TYN38XV7KR20SNAZ5',
        710,
        300,
        90,
        '01JET50F7T7CZ73EY2N1NQS2YH'
    );

INSERT INTO
    walking_information (id, pedestrian_id)
VALUES
    (
        '01JET50F7T9W1JTG7B2DEFP7FX',
        '01F8VYXK67BGC1F9RP1E4S9YAK'
    );

INSERT INTO
    walking_samples (
        id,
        is_converged,
        trajectory_id,
        walking_information_id
    )
VALUES
    (
        '01JET50F7T68R2Q6AEXH0MQCE2',
        TRUE,
        '01JET1DV4WJ2EP78B8HAKK5SP0',
        '01JET50F7T9W1JTG7B2DEFP7FX'
    );

INSERT INTO
    estimated_positions (id, x, y, direction, walking_sample_id)
VALUES
    (
        '01JET50F7TZ1CQ5YG84ZCZE2G1',
        770,
        300,
        90,
        '01JET50F7T68R2Q6AEXH0MQCE2'
    );

INSERT INTO
    walking_information (id, pedestrian_id)
VALUES
    (
        '01JET50F7TZ018734ZHWBFK3VA',
        '01F8VYXK67BGC1F9RP1E4S9YAK'
    );

INSERT INTO
    walking_samples (
        id,
        is_converged,
        trajectory_id,
        walking_information_id
    )
VALUES
    (
        '01JET50F7T2NPEA130X056VP7J',
        TRUE,
        '01JET1DV4WJ2EP78B8HAKK5SP0',
        '01JET50F7TZ018734ZHWBFK3VA'
    );

INSERT INTO
    estimated_positions (id, x, y, direction, walking_sample_id)
VALUES
    (
        '01JET50F7TCZTGV8ZT5ZA8D0H0',
        830,
        300,
        90,
        '01JET50F7T2NPEA130X056VP7J'
    );

INSERT INTO
    walking_information (id, pedestrian_id)
VALUES
    (
        '01JET50F7TEDKZ83TGK076ACK0',
        '01F8VYXK67BGC1F9RP1E4S9YAK'
    );

INSERT INTO
    walking_samples (
        id,
        is_converged,
        trajectory_id,
        walking_information_id
    )
VALUES
    (
        '01JET50F7T0SFTHGTDC24QRDXR',
        TRUE,
        '01JET1DV4WJ2EP78B8HAKK5SP0',
        '01JET50F7TEDKZ83TGK076ACK0'
    );

INSERT INTO
    estimated_positions (id, x, y, direction, walking_sample_id)
VALUES
    (
        '01JET50F7T42XM6N3MRRJBCZF6',
        890,
        300,
        90,
        '01JET50F7T0SFTHGTDC24QRDXR'
    );

INSERT INTO
    walking_information (id, pedestrian_id)
VALUES
    (
        '01JET50F7T8NX3WDS756EQVNAA',
        '01F8VYXK67BGC1F9RP1E4S9YAK'
    );

INSERT INTO
    walking_samples (
        id,
        is_converged,
        trajectory_id,
        walking_information_id
    )
VALUES
    (
        '01JET50F7TYJ95SWC1VBGK40VR',
        TRUE,
        '01JET1DV4WJ2EP78B8HAKK5SP0',
        '01JET50F7T8NX3WDS756EQVNAA'
    );

INSERT INTO
    estimated_positions (id, x, y, direction, walking_sample_id)
VALUES
    (
        '01JET50F7TMXKQC8T3FFC80T99',
        950,
        300,
        90,
        '01JET50F7TYJ95SWC1VBGK40VR'
    );

INSERT INTO
    walking_information (id, pedestrian_id)
VALUES
    (
        '01JET50F7TPDXA3RA8N5HX3RQV',
        '01F8VYXK67BGC1F9RP1E4S9YAK'
    );

INSERT INTO
    walking_samples (
        id,
        is_converged,
        trajectory_id,
        walking_information_id
    )
VALUES
    (
        '01JET50F7TPS95R46AFZH9DSM1',
        TRUE,
        '01JET1DV4WJ2EP78B8HAKK5SP0',
        '01JET50F7TPDXA3RA8N5HX3RQV'
    );

INSERT INTO
    estimated_positions (id, x, y, direction, walking_sample_id)
VALUES
    (
        '01JET50F7T9H2NDJ3Z3EQD5S4Q',
        1010,
        300,
        90,
        '01JET50F7TPS95R46AFZH9DSM1'
    );

INSERT INTO
    walking_information (id, pedestrian_id)
VALUES
    (
        '01JET50F7TX3S4CPVX39RBHQPX',
        '01F8VYXK67BGC1F9RP1E4S9YAK'
    );

INSERT INTO
    walking_samples (
        id,
        is_converged,
        trajectory_id,
        walking_information_id
    )
VALUES
    (
        '01JET50F7TBBXKHWJQP47H7H6K',
        TRUE,
        '01JET1DV4WJ2EP78B8HAKK5SP0',
        '01JET50F7TX3S4CPVX39RBHQPX'
    );

INSERT INTO
    estimated_positions (id, x, y, direction, walking_sample_id)
VALUES
    (
        '01JET50F7TZHYFZ8FNPB4D3D3F',
        1070,
        300,
        90,
        '01JET50F7TBBXKHWJQP47H7H6K'
    );

INSERT INTO
    walking_information (id, pedestrian_id)
VALUES
    (
        '01JET50F7TMCYCFT1XNMY9R4QB',
        '01F8VYXK67BGC1F9RP1E4S9YAK'
    );

INSERT INTO
    walking_samples (
        id,
        is_converged,
        trajectory_id,
        walking_information_id
    )
VALUES
    (
        '01JET50F7TD13QHXET2G010310',
        TRUE,
        '01JET1DV4WJ2EP78B8HAKK5SP0',
        '01JET50F7TMCYCFT1XNMY9R4QB'
    );

INSERT INTO
    estimated_positions (id, x, y, direction, walking_sample_id)
VALUES
    (
        '01JET50F7T4WRTDCDDAHQ34199',
        1130,
        300,
        90,
        '01JET50F7TD13QHXET2G010310'
    );

INSERT INTO
    walking_information (id, pedestrian_id)
VALUES
    (
        '01JET50F7T0VMSGS1STGVS239V',
        '01F8VYXK67BGC1F9RP1E4S9YAK'
    );

INSERT INTO
    walking_samples (
        id,
        is_converged,
        trajectory_id,
        walking_information_id
    )
VALUES
    (
        '01JET50F7TZEKZT7PE98ZMQD4J',
        TRUE,
        '01JET1DV4WJ2EP78B8HAKK5SP0',
        '01JET50F7T0VMSGS1STGVS239V'
    );

INSERT INTO
    estimated_positions (id, x, y, direction, walking_sample_id)
VALUES
    (
        '01JET50F7TQBDQAEBRA4TBEHA7',
        1190,
        300,
        90,
        '01JET50F7TZEKZT7PE98ZMQD4J'
    );

INSERT INTO
    walking_information (id, pedestrian_id)
VALUES
    (
        '01JET50F7T48VX72E18C25NM7A',
        '01F8VYXK67BGC1F9RP1E4S9YAK'
    );

INSERT INTO
    walking_samples (
        id,
        is_converged,
        trajectory_id,
        walking_information_id
    )
VALUES
    (
        '01JET50F7TD1ZV9P474QRZRR5V',
        TRUE,
        '01JET1DV4WJ2EP78B8HAKK5SP0',
        '01JET50F7T48VX72E18C25NM7A'
    );

INSERT INTO
    estimated_positions (id, x, y, direction, walking_sample_id)
VALUES
    (
        '01JET50F7TE6J5KGT68S2Y8ZC6',
        1250,
        300,
        90,
        '01JET50F7TD1ZV9P474QRZRR5V'
    );

INSERT INTO
    walking_information (id, pedestrian_id)
VALUES
    (
        '01JET50F7TH5BM9HWM0XNNHF9T',
        '01F8VYXK67BGC1F9RP1E4S9YAK'
    );

INSERT INTO
    walking_samples (
        id,
        is_converged,
        trajectory_id,
        walking_information_id
    )
VALUES
    (
        '01JET50F7TMCWYRBHJ2EVKWYTC',
        TRUE,
        '01JET1DV4WJ2EP78B8HAKK5SP0',
        '01JET50F7TH5BM9HWM0XNNHF9T'
    );

INSERT INTO
    estimated_positions (id, x, y, direction, walking_sample_id)
VALUES
    (
        '01JET50F7T2J32GZJ5FVS8WKT9',
        1310,
        300,
        90,
        '01JET50F7TMCWYRBHJ2EVKWYTC'
    );

INSERT INTO
    walking_information (id, pedestrian_id)
VALUES
    (
        '01JET50F7TWE2ZX2KZT000HPVH',
        '01F8VYXK67BGC1F9RP1E4S9YAK'
    );

INSERT INTO
    walking_samples (
        id,
        is_converged,
        trajectory_id,
        walking_information_id
    )
VALUES
    (
        '01JET50F7TX3STHWWMF6JA713T',
        TRUE,
        '01JET1DV4WJ2EP78B8HAKK5SP0',
        '01JET50F7TWE2ZX2KZT000HPVH'
    );

INSERT INTO
    estimated_positions (id, x, y, direction, walking_sample_id)
VALUES
    (
        '01JET50F7TBPGNQ1AA0HZB3V6F',
        1370,
        300,
        90,
        '01JET50F7TX3STHWWMF6JA713T'
    );

INSERT INTO
    walking_information (id, pedestrian_id)
VALUES
    (
        '01JET50F7THSSK2MDAPTTMHQV8',
        '01F8VYXK67BGC1F9RP1E4S9YAK'
    );

INSERT INTO
    walking_samples (
        id,
        is_converged,
        trajectory_id,
        walking_information_id
    )
VALUES
    (
        '01JET50F7TPKVEKHQBH1YTKHHC',
        TRUE,
        '01JET1DV4WJ2EP78B8HAKK5SP0',
        '01JET50F7THSSK2MDAPTTMHQV8'
    );

INSERT INTO
    estimated_positions (id, x, y, direction, walking_sample_id)
VALUES
    (
        '01JET50F7TWVHKGJBW4YC88NGT',
        1430,
        300,
        90,
        '01JET50F7TPKVEKHQBH1YTKHHC'
    );

INSERT INTO
    walking_information (id, pedestrian_id)
VALUES
    (
        '01JET50F7TQT45KP39JP8FGRRY',
        '01F8VYXK67BGC1F9RP1E4S9YAK'
    );

INSERT INTO
    walking_samples (
        id,
        is_converged,
        trajectory_id,
        walking_information_id
    )
VALUES
    (
        '01JET50F7TPNDF50BRM8RB8NJQ',
        TRUE,
        '01JET1DV4WJ2EP78B8HAKK5SP0',
        '01JET50F7TQT45KP39JP8FGRRY'
    );

INSERT INTO
    estimated_positions (id, x, y, direction, walking_sample_id)
VALUES
    (
        '01JET50F7TFH211FQ632R5W7KX',
        1490,
        300,
        90,
        '01JET50F7TPNDF50BRM8RB8NJQ'
    );

INSERT INTO
    walking_information (id, pedestrian_id)
VALUES
    (
        '01JET50F7TQN3GXA0WMG4S59ZT',
        '01F8VYXK67BGC1F9RP1E4S9YAK'
    );

INSERT INTO
    walking_samples (
        id,
        is_converged,
        trajectory_id,
        walking_information_id
    )
VALUES
    (
        '01JET50F7TJHJ5HPQWKTHVHF1X',
        TRUE,
        '01JET1DV4WJ2EP78B8HAKK5SP0',
        '01JET50F7TQN3GXA0WMG4S59ZT'
    );

INSERT INTO
    estimated_positions (id, x, y, direction, walking_sample_id)
VALUES
    (
        '01JET50F7T2N998PJ8XF5M70XJ',
        1550,
        300,
        90,
        '01JET50F7TJHJ5HPQWKTHVHF1X'
    );

INSERT INTO
    walking_information (id, pedestrian_id)
VALUES
    (
        '01JET50F7TG76W5NM5AXMYT2BT',
        '01F8VYXK67BGC1F9RP1E4S9YAK'
    );

INSERT INTO
    walking_samples (
        id,
        is_converged,
        trajectory_id,
        walking_information_id
    )
VALUES
    (
        '01JET50F7THGQYMTEQ802FVQB9',
        TRUE,
        '01JET1DV4WJ2EP78B8HAKK5SP0',
        '01JET50F7TG76W5NM5AXMYT2BT'
    );

INSERT INTO
    estimated_positions (id, x, y, direction, walking_sample_id)
VALUES
    (
        '01JET50F7TCJ4KEXRCPEW69FJ6',
        1610,
        300,
        90,
        '01JET50F7THGQYMTEQ802FVQB9'
    );

INSERT INTO
    walking_information (id, pedestrian_id)
VALUES
    (
        '01JET50F7TJ6AY73Q3T5A5YEJ0',
        '01F8VYXK67BGC1F9RP1E4S9YAK'
    );

INSERT INTO
    walking_samples (
        id,
        is_converged,
        trajectory_id,
        walking_information_id
    )
VALUES
    (
        '01JET50F7TVHDBTH7GQCY9J2T3',
        TRUE,
        '01JET1DV4WJ2EP78B8HAKK5SP0',
        '01JET50F7TJ6AY73Q3T5A5YEJ0'
    );

INSERT INTO
    estimated_positions (id, x, y, direction, walking_sample_id)
VALUES
    (
        '01JET50F7T905QABRT8WBSM9F4',
        1670,
        300,
        90,
        '01JET50F7TVHDBTH7GQCY9J2T3'
    );

INSERT INTO
    walking_information (id, pedestrian_id)
VALUES
    (
        '01JET50F7T6RDC16QSY36KRCFY',
        '01F8VYXK67BGC1F9RP1E4S9YAK'
    );

INSERT INTO
    walking_samples (
        id,
        is_converged,
        trajectory_id,
        walking_information_id
    )
VALUES
    (
        '01JET50F7T01KWMW27VRQZDFEX',
        TRUE,
        '01JET1DV4WJ2EP78B8HAKK5SP0',
        '01JET50F7T6RDC16QSY36KRCFY'
    );

INSERT INTO
    estimated_positions (id, x, y, direction, walking_sample_id)
VALUES
    (
        '01JET50F7TPXWP2M769PXNTF61',
        1730,
        300,
        90,
        '01JET50F7T01KWMW27VRQZDFEX'
    );

INSERT INTO
    walking_information (id, pedestrian_id)
VALUES
    (
        '01JET50F7TQCF5PR06NE01JQXC',
        '01F8VYXK67BGC1F9RP1E4S9YAK'
    );

INSERT INTO
    walking_samples (
        id,
        is_converged,
        trajectory_id,
        walking_information_id
    )
VALUES
    (
        '01JET50F7TB0X3PBXAT5M5V27R',
        TRUE,
        '01JET1DV4WJ2EP78B8HAKK5SP0',
        '01JET50F7TQCF5PR06NE01JQXC'
    );

INSERT INTO
    estimated_positions (id, x, y, direction, walking_sample_id)
VALUES
    (
        '01JET50F7TESAFM3EJPY5VVW19',
        1790,
        300,
        90,
        '01JET50F7TB0X3PBXAT5M5V27R'
    );

INSERT INTO
    walking_information (id, pedestrian_id)
VALUES
    (
        '01JET50F7TVYKV89P219RGY1H5',
        '01F8VYXK67BGC1F9RP1E4S9YAK'
    );

INSERT INTO
    walking_samples (
        id,
        is_converged,
        trajectory_id,
        walking_information_id
    )
VALUES
    (
        '01JET50F7TXF9HK123MB598R6J',
        TRUE,
        '01JET1DV4WJ2EP78B8HAKK5SP0',
        '01JET50F7TVYKV89P219RGY1H5'
    );

INSERT INTO
    estimated_positions (id, x, y, direction, walking_sample_id)
VALUES
    (
        '01JET50F7T68YNYEZS8WAFA2Q8',
        1850,
        300,
        90,
        '01JET50F7TXF9HK123MB598R6J'
    );

INSERT INTO
    walking_information (id, pedestrian_id)
VALUES
    (
        '01JET50F7TXZY7G1BCB950AZ4E',
        '01F8VYXK67BGC1F9RP1E4S9YAK'
    );

INSERT INTO
    walking_samples (
        id,
        is_converged,
        trajectory_id,
        walking_information_id
    )
VALUES
    (
        '01JET50F7T1V7H8WHARRTW77TP',
        TRUE,
        '01JET1DV4WJ2EP78B8HAKK5SP0',
        '01JET50F7TXZY7G1BCB950AZ4E'
    );

INSERT INTO
    estimated_positions (id, x, y, direction, walking_sample_id)
VALUES
    (
        '01JET50F7TEN8P2FQSE7AGRX57',
        1910,
        300,
        90,
        '01JET50F7T1V7H8WHARRTW77TP'
    );

INSERT INTO
    walking_information (id, pedestrian_id)
VALUES
    (
        '01JET50F7TWXGV77RE89N70GS7',
        '01F8VYXK67BGC1F9RP1E4S9YAK'
    );

INSERT INTO
    walking_samples (
        id,
        is_converged,
        trajectory_id,
        walking_information_id
    )
VALUES
    (
        '01JET50F7T2C6C4703XG421DM9',
        TRUE,
        '01JET1DV4WJ2EP78B8HAKK5SP0',
        '01JET50F7TWXGV77RE89N70GS7'
    );

INSERT INTO
    estimated_positions (id, x, y, direction, walking_sample_id)
VALUES
    (
        '01JET50F7THDQW9D4TJMMXFPP2',
        1970,
        300,
        90,
        '01JET50F7T2C6C4703XG421DM9'
    );

INSERT INTO
    walking_information (id, pedestrian_id)
VALUES
    (
        '01JET50F7THTYE3ACP8MADV6HY',
        '01F8VYXK67BGC1F9RP1E4S9YAK'
    );

INSERT INTO
    walking_samples (
        id,
        is_converged,
        trajectory_id,
        walking_information_id
    )
VALUES
    (
        '01JET50F7T7624WMNSXFRYP81N',
        TRUE,
        '01JET1DV4WJ2EP78B8HAKK5SP0',
        '01JET50F7THTYE3ACP8MADV6HY'
    );

INSERT INTO
    estimated_positions (id, x, y, direction, walking_sample_id)
VALUES
    (
        '01JET50F7TDBEQTVP7951VS66P',
        2030,
        300,
        90,
        '01JET50F7T7624WMNSXFRYP81N'
    );

INSERT INTO
    walking_information (id, pedestrian_id)
VALUES
    (
        '01JET50F7TEH1NCFTABVV611QH',
        '01F8VYXK67BGC1F9RP1E4S9YAK'
    );

INSERT INTO
    walking_samples (
        id,
        is_converged,
        trajectory_id,
        walking_information_id
    )
VALUES
    (
        '01JET50F7TCT0DBMC29Z2YB6DW',
        TRUE,
        '01JET1DV4WJ2EP78B8HAKK5SP0',
        '01JET50F7TEH1NCFTABVV611QH'
    );

INSERT INTO
    estimated_positions (id, x, y, direction, walking_sample_id)
VALUES
    (
        '01JET50F7TR1KJECW890H6Y2M5',
        2090,
        300,
        90,
        '01JET50F7TCT0DBMC29Z2YB6DW'
    );

INSERT INTO
    walking_information (id, pedestrian_id)
VALUES
    (
        '01JET50F7T1KY0SQP3S7T98R95',
        '01F8VYXK67BGC1F9RP1E4S9YAK'
    );

INSERT INTO
    walking_samples (
        id,
        is_converged,
        trajectory_id,
        walking_information_id
    )
VALUES
    (
        '01JET50F7T2PN4K8B6C0H5HGP0',
        TRUE,
        '01JET1DV4WJ2EP78B8HAKK5SP0',
        '01JET50F7T1KY0SQP3S7T98R95'
    );

INSERT INTO
    estimated_positions (id, x, y, direction, walking_sample_id)
VALUES
    (
        '01JET50F7TXSE0FP01PRDA5Y47',
        2150,
        300,
        90,
        '01JET50F7T2PN4K8B6C0H5HGP0'
    );

INSERT INTO
    walking_information (id, pedestrian_id)
VALUES
    (
        '01JET50F7T5YBX4SNMV8BYQ8QP',
        '01F8VYXK67BGC1F9RP1E4S9YAK'
    );

INSERT INTO
    walking_samples (
        id,
        is_converged,
        trajectory_id,
        walking_information_id
    )
VALUES
    (
        '01JET50F7T04AJVBVF0PW4KG9H',
        TRUE,
        '01JET1DV4WJ2EP78B8HAKK5SP0',
        '01JET50F7T5YBX4SNMV8BYQ8QP'
    );

INSERT INTO
    estimated_positions (id, x, y, direction, walking_sample_id)
VALUES
    (
        '01JET50F7T94SYJ431JJBWKRFZ',
        2210,
        300,
        90,
        '01JET50F7T04AJVBVF0PW4KG9H'
    );

INSERT INTO
    walking_information (id, pedestrian_id)
VALUES
    (
        '01JET50F7TVKKE5VWBHZWN64S4',
        '01F8VYXK67BGC1F9RP1E4S9YAK'
    );

INSERT INTO
    walking_samples (
        id,
        is_converged,
        trajectory_id,
        walking_information_id
    )
VALUES
    (
        '01JET50F7TJFH5S14JCEB3ZMRX',
        TRUE,
        '01JET1DV4WJ2EP78B8HAKK5SP0',
        '01JET50F7TVKKE5VWBHZWN64S4'
    );

INSERT INTO
    estimated_positions (id, x, y, direction, walking_sample_id)
VALUES
    (
        '01JET50F7T0EGDWZ6B18EY2JSC',
        2270,
        300,
        90,
        '01JET50F7TJFH5S14JCEB3ZMRX'
    );

INSERT INTO
    walking_information (id, pedestrian_id)
VALUES
    (
        '01JET50F7TT2JJNP0C94X2ZGYA',
        '01F8VYXK67BGC1F9RP1E4S9YAK'
    );

INSERT INTO
    walking_samples (
        id,
        is_converged,
        trajectory_id,
        walking_information_id
    )
VALUES
    (
        '01JET50F7T85M29SQGSYY8TQQM',
        TRUE,
        '01JET1DV4WJ2EP78B8HAKK5SP0',
        '01JET50F7TT2JJNP0C94X2ZGYA'
    );

INSERT INTO
    estimated_positions (id, x, y, direction, walking_sample_id)
VALUES
    (
        '01JET50F7T7SN544D7Q9VRVZ0C',
        2330,
        300,
        90,
        '01JET50F7T85M29SQGSYY8TQQM'
    );

INSERT INTO
    walking_information (id, pedestrian_id)
VALUES
    (
        '01JET50F7T2H1H7G96HCCVDJFA',
        '01F8VYXK67BGC1F9RP1E4S9YAK'
    );

INSERT INTO
    walking_samples (
        id,
        is_converged,
        trajectory_id,
        walking_information_id
    )
VALUES
    (
        '01JET50F7TEEXQJTYNCW9E6KYZ',
        TRUE,
        '01JET1DV4WJ2EP78B8HAKK5SP0',
        '01JET50F7T2H1H7G96HCCVDJFA'
    );

INSERT INTO
    estimated_positions (id, x, y, direction, walking_sample_id)
VALUES
    (
        '01JET50F7T2RKJW3Q6Y17CMBKG',
        2390,
        300,
        90,
        '01JET50F7TEEXQJTYNCW9E6KYZ'
    );

INSERT INTO
    walking_information (id, pedestrian_id)
VALUES
    (
        '01JET50F7TCMYNC8BZSKTDV38J',
        '01F8VYXK67BGC1F9RP1E4S9YAK'
    );

INSERT INTO
    walking_samples (
        id,
        is_converged,
        trajectory_id,
        walking_information_id
    )
VALUES
    (
        '01JET50F7TSJMRDQQVNM968FNN',
        TRUE,
        '01JET1DV4WJ2EP78B8HAKK5SP0',
        '01JET50F7TCMYNC8BZSKTDV38J'
    );

INSERT INTO
    estimated_positions (id, x, y, direction, walking_sample_id)
VALUES
    (
        '01JET50F7T6ZYJ8QTM58R3D2V5',
        2450,
        300,
        90,
        '01JET50F7TSJMRDQQVNM968FNN'
    );

INSERT INTO
    walking_information (id, pedestrian_id)
VALUES
    (
        '01JET50F7TQQNKDJ0YAWTB7KV5',
        '01F8VYXK67BGC1F9RP1E4S9YAK'
    );

INSERT INTO
    walking_samples (
        id,
        is_converged,
        trajectory_id,
        walking_information_id
    )
VALUES
    (
        '01JET50F7TB3M8HEVJ9AAX6KXD',
        TRUE,
        '01JET1DV4WJ2EP78B8HAKK5SP0',
        '01JET50F7TQQNKDJ0YAWTB7KV5'
    );

INSERT INTO
    estimated_positions (id, x, y, direction, walking_sample_id)
VALUES
    (
        '01JET50F7T2TFMG9B6JSK2MKR1',
        2510,
        300,
        90,
        '01JET50F7TB3M8HEVJ9AAX6KXD'
    );

INSERT INTO
    walking_information (id, pedestrian_id)
VALUES
    (
        '01JET50F7VSST48HK1SNBTCG41',
        '01F8VYXK67BGC1F9RP1E4S9YAK'
    );

INSERT INTO
    walking_samples (
        id,
        is_converged,
        trajectory_id,
        walking_information_id
    )
VALUES
    (
        '01JET50F7VBA9Z6VFBFBN8NCFA',
        TRUE,
        '01JET1DV4WJ2EP78B8HAKK5SP0',
        '01JET50F7VSST48HK1SNBTCG41'
    );

INSERT INTO
    estimated_positions (id, x, y, direction, walking_sample_id)
VALUES
    (
        '01JET50F7VMQHA4R0HY426SS7M',
        2570,
        300,
        90,
        '01JET50F7VBA9Z6VFBFBN8NCFA'
    );

INSERT INTO
    walking_information (id, pedestrian_id)
VALUES
    (
        '01JET50F7VPDYXQTMF385VVG3E',
        '01F8VYXK67BGC1F9RP1E4S9YAK'
    );

INSERT INTO
    walking_samples (
        id,
        is_converged,
        trajectory_id,
        walking_information_id
    )
VALUES
    (
        '01JET50F7VVRZSDWTW2ZGYZQAC',
        TRUE,
        '01JET1DV4WJ2EP78B8HAKK5SP0',
        '01JET50F7VPDYXQTMF385VVG3E'
    );

INSERT INTO
    estimated_positions (id, x, y, direction, walking_sample_id)
VALUES
    (
        '01JET50F7V5X77NET8MQYKDCZN',
        2630,
        300,
        90,
        '01JET50F7VVRZSDWTW2ZGYZQAC'
    );

INSERT INTO
    walking_information (id, pedestrian_id)
VALUES
    (
        '01JET50F7VDKP726427BK8WH5D',
        '01F8VYXK67BGC1F9RP1E4S9YAK'
    );

INSERT INTO
    walking_samples (
        id,
        is_converged,
        trajectory_id,
        walking_information_id
    )
VALUES
    (
        '01JET50F7V65KC7HRQVWXZFGMA',
        TRUE,
        '01JET1DV4WJ2EP78B8HAKK5SP0',
        '01JET50F7VDKP726427BK8WH5D'
    );

INSERT INTO
    estimated_positions (id, x, y, direction, walking_sample_id)
VALUES
    (
        '01JET50F7VN8BPS48KDVB1N4FM',
        2650,
        350,
        180,
        '01JET50F7V65KC7HRQVWXZFGMA'
    );

INSERT INTO
    walking_information (id, pedestrian_id)
VALUES
    (
        '01JET50F7V6NZ45MD7F7NC0RNB',
        '01F8VYXK67BGC1F9RP1E4S9YAK'
    );

INSERT INTO
    walking_samples (
        id,
        is_converged,
        trajectory_id,
        walking_information_id
    )
VALUES
    (
        '01JET50F7VKKHE9G4B043S0MHQ',
        TRUE,
        '01JET1DV4WJ2EP78B8HAKK5SP0',
        '01JET50F7V6NZ45MD7F7NC0RNB'
    );

INSERT INTO
    estimated_positions (id, x, y, direction, walking_sample_id)
VALUES
    (
        '01JET50F7VW7AQ7F6WHE3ZT01G',
        2650,
        350,
        180,
        '01JET50F7VKKHE9G4B043S0MHQ'
    );

INSERT INTO
    walking_information (id, pedestrian_id)
VALUES
    (
        '01JET50F7VNTE5K3VY5HX5EVMJ',
        '01F8VYXK67BGC1F9RP1E4S9YAK'
    );

INSERT INTO
    walking_samples (
        id,
        is_converged,
        trajectory_id,
        walking_information_id
    )
VALUES
    (
        '01JET50F7V8DPAQN04P9B8VWY6',
        TRUE,
        '01JET1DV4WJ2EP78B8HAKK5SP0',
        '01JET50F7VNTE5K3VY5HX5EVMJ'
    );

INSERT INTO
    estimated_positions (id, x, y, direction, walking_sample_id)
VALUES
    (
        '01JET50F7VC41JB46DJH0GCMR0',
        2650,
        410,
        180,
        '01JET50F7V8DPAQN04P9B8VWY6'
    );

INSERT INTO
    walking_information (id, pedestrian_id)
VALUES
    (
        '01JET50F7VSG9NK9XYNH4W9TVJ',
        '01F8VYXK67BGC1F9RP1E4S9YAK'
    );

INSERT INTO
    walking_samples (
        id,
        is_converged,
        trajectory_id,
        walking_information_id
    )
VALUES
    (
        '01JET50F7VFY71EJ4AJW0DAYTV',
        TRUE,
        '01JET1DV4WJ2EP78B8HAKK5SP0',
        '01JET50F7VSG9NK9XYNH4W9TVJ'
    );

INSERT INTO
    estimated_positions (id, x, y, direction, walking_sample_id)
VALUES
    (
        '01JET50F7VAXTSJ9RHNYVPFQ6Y',
        2650,
        470,
        180,
        '01JET50F7VFY71EJ4AJW0DAYTV'
    );

INSERT INTO
    walking_information (id, pedestrian_id)
VALUES
    (
        '01JET50F7VDBT01EX6RNQAYBCA',
        '01F8VYXK67BGC1F9RP1E4S9YAK'
    );

INSERT INTO
    walking_samples (
        id,
        is_converged,
        trajectory_id,
        walking_information_id
    )
VALUES
    (
        '01JET50F7VQ31YJRC35TBFJBPH',
        TRUE,
        '01JET1DV4WJ2EP78B8HAKK5SP0',
        '01JET50F7VDBT01EX6RNQAYBCA'
    );

INSERT INTO
    estimated_positions (id, x, y, direction, walking_sample_id)
VALUES
    (
        '01JET50F7VYS40FMJXBEVNJR1Y',
        2650,
        530,
        180,
        '01JET50F7VQ31YJRC35TBFJBPH'
    );

INSERT INTO
    walking_information (id, pedestrian_id)
VALUES
    (
        '01JET50F7V9DS1H7SSQFAQF47V',
        '01F8VYXK67BGC1F9RP1E4S9YAK'
    );

INSERT INTO
    walking_samples (
        id,
        is_converged,
        trajectory_id,
        walking_information_id
    )
VALUES
    (
        '01JET50F7VN9D9CGHBXPKQJ2NN',
        TRUE,
        '01JET1DV4WJ2EP78B8HAKK5SP0',
        '01JET50F7V9DS1H7SSQFAQF47V'
    );

INSERT INTO
    estimated_positions (id, x, y, direction, walking_sample_id)
VALUES
    (
        '01JET50F7VFYNYVVQ33F6REJTY',
        2650,
        590,
        180,
        '01JET50F7VN9D9CGHBXPKQJ2NN'
    );

INSERT INTO
    walking_information (id, pedestrian_id)
VALUES
    (
        '01JET50F7VJ2KCVFGPWJ0RB77Y',
        '01F8VYXK67BGC1F9RP1E4S9YAK'
    );

INSERT INTO
    walking_samples (
        id,
        is_converged,
        trajectory_id,
        walking_information_id
    )
VALUES
    (
        '01JET50F7VS18WC848TJ92RW64',
        TRUE,
        '01JET1DV4WJ2EP78B8HAKK5SP0',
        '01JET50F7VJ2KCVFGPWJ0RB77Y'
    );

INSERT INTO
    estimated_positions (id, x, y, direction, walking_sample_id)
VALUES
    (
        '01JET50F7V1CS4EQSCBK25J99V',
        2650,
        650,
        180,
        '01JET50F7VS18WC848TJ92RW64'
    );

INSERT INTO
    walking_information (id, pedestrian_id)
VALUES
    (
        '01JET50F7V73EQ4Q92EE6V8XE5',
        '01F8VYXK67BGC1F9RP1E4S9YAK'
    );

INSERT INTO
    walking_samples (
        id,
        is_converged,
        trajectory_id,
        walking_information_id
    )
VALUES
    (
        '01JET50F7VMT6M2SJEN21EM2VD',
        TRUE,
        '01JET1DV4WJ2EP78B8HAKK5SP0',
        '01JET50F7V73EQ4Q92EE6V8XE5'
    );

INSERT INTO
    estimated_positions (id, x, y, direction, walking_sample_id)
VALUES
    (
        '01JET50F7V6S0TJ2DDE9YR4NYW',
        2650,
        710,
        180,
        '01JET50F7VMT6M2SJEN21EM2VD'
    );

INSERT INTO
    walking_information (id, pedestrian_id)
VALUES
    (
        '01JET50F7V35T4QP7007M7F8G4',
        '01F8VYXK67BGC1F9RP1E4S9YAK'
    );

INSERT INTO
    walking_samples (
        id,
        is_converged,
        trajectory_id,
        walking_information_id
    )
VALUES
    (
        '01JET50F7V7CPDFGNSHQ80MGXF',
        TRUE,
        '01JET1DV4WJ2EP78B8HAKK5SP0',
        '01JET50F7V35T4QP7007M7F8G4'
    );

INSERT INTO
    estimated_positions (id, x, y, direction, walking_sample_id)
VALUES
    (
        '01JET50F7VTQ9JWTA6CCV6WKTC',
        2650,
        770,
        180,
        '01JET50F7V7CPDFGNSHQ80MGXF'
    );

INSERT INTO
    walking_information (id, pedestrian_id)
VALUES
    (
        '01JET50F7VSWSS11PZY24QWZ6M',
        '01F8VYXK67BGC1F9RP1E4S9YAK'
    );

INSERT INTO
    walking_samples (
        id,
        is_converged,
        trajectory_id,
        walking_information_id
    )
VALUES
    (
        '01JET50F7V65FRB1RT9QGKVEK3',
        TRUE,
        '01JET1DV4WJ2EP78B8HAKK5SP0',
        '01JET50F7VSWSS11PZY24QWZ6M'
    );

INSERT INTO
    estimated_positions (id, x, y, direction, walking_sample_id)
VALUES
    (
        '01JET50F7VPTT404N1RPAJ79EZ',
        2650,
        830,
        180,
        '01JET50F7V65FRB1RT9QGKVEK3'
    );

INSERT INTO
    walking_information (id, pedestrian_id)
VALUES
    (
        '01JET50F7VKAHQPMS9Z3ACKZWH',
        '01F8VYXK67BGC1F9RP1E4S9YAK'
    );

INSERT INTO
    walking_samples (
        id,
        is_converged,
        trajectory_id,
        walking_information_id
    )
VALUES
    (
        '01JET50F7VW8CQWJBAQXKR428E',
        TRUE,
        '01JET1DV4WJ2EP78B8HAKK5SP0',
        '01JET50F7VKAHQPMS9Z3ACKZWH'
    );

INSERT INTO
    estimated_positions (id, x, y, direction, walking_sample_id)
VALUES
    (
        '01JET50F7VRBG4PDJ9KGN0JB5S',
        2650,
        890,
        180,
        '01JET50F7VW8CQWJBAQXKR428E'
    );

INSERT INTO
    walking_information (id, pedestrian_id)
VALUES
    (
        '01JET50F7VMA1E9QRWKG5SW1A3',
        '01F8VYXK67BGC1F9RP1E4S9YAK'
    );

INSERT INTO
    walking_samples (
        id,
        is_converged,
        trajectory_id,
        walking_information_id
    )
VALUES
    (
        '01JET50F7V4DN0WGRY41R2S7AF',
        TRUE,
        '01JET1DV4WJ2EP78B8HAKK5SP0',
        '01JET50F7VMA1E9QRWKG5SW1A3'
    );

INSERT INTO
    estimated_positions (id, x, y, direction, walking_sample_id)
VALUES
    (
        '01JET50F7V13ZCHGGC11MRPH0N',
        2650,
        950,
        180,
        '01JET50F7V4DN0WGRY41R2S7AF'
    );

INSERT INTO
    walking_information (id, pedestrian_id)
VALUES
    (
        '01JET50F7V31GP5AG4ZHNRB4NV',
        '01F8VYXK67BGC1F9RP1E4S9YAK'
    );

INSERT INTO
    walking_samples (
        id,
        is_converged,
        trajectory_id,
        walking_information_id
    )
VALUES
    (
        '01JET50F7V09WPZMBW2GD75Q01',
        TRUE,
        '01JET1DV4WJ2EP78B8HAKK5SP0',
        '01JET50F7V31GP5AG4ZHNRB4NV'
    );

INSERT INTO
    estimated_positions (id, x, y, direction, walking_sample_id)
VALUES
    (
        '01JET50F7VV1PEV87XABVX53M1',
        2650,
        1010,
        180,
        '01JET50F7V09WPZMBW2GD75Q01'
    );

INSERT INTO
    walking_information (id, pedestrian_id)
VALUES
    (
        '01JET50F7VX0YDP8WJDTNBQG2B',
        '01F8VYXK67BGC1F9RP1E4S9YAK'
    );

INSERT INTO
    walking_samples (
        id,
        is_converged,
        trajectory_id,
        walking_information_id
    )
VALUES
    (
        '01JET50F7VC2VH11RR3297Q0KE',
        TRUE,
        '01JET1DV4WJ2EP78B8HAKK5SP0',
        '01JET50F7VX0YDP8WJDTNBQG2B'
    );

INSERT INTO
    estimated_positions (id, x, y, direction, walking_sample_id)
VALUES
    (
        '01JET50F7VV32X023VJ26P6DQY',
        2650,
        1070,
        180,
        '01JET50F7VC2VH11RR3297Q0KE'
    );

INSERT INTO
    walking_information (id, pedestrian_id)
VALUES
    (
        '01JET50F7VZK25XC7Z8C65RJF3',
        '01F8VYXK67BGC1F9RP1E4S9YAK'
    );

INSERT INTO
    walking_samples (
        id,
        is_converged,
        trajectory_id,
        walking_information_id
    )
VALUES
    (
        '01JET50F7V8B2V41VKM8RAJTKK',
        TRUE,
        '01JET1DV4WJ2EP78B8HAKK5SP0',
        '01JET50F7VZK25XC7Z8C65RJF3'
    );

INSERT INTO
    estimated_positions (id, x, y, direction, walking_sample_id)
VALUES
    (
        '01JET50F7VVQGAVV0WX95Z79NR',
        2650,
        1100,
        270,
        '01JET50F7V8B2V41VKM8RAJTKK'
    );

INSERT INTO
    walking_information (id, pedestrian_id)
VALUES
    (
        '01JET50F7V46XPWQ59101BA7YS',
        '01F8VYXK67BGC1F9RP1E4S9YAK'
    );

INSERT INTO
    walking_samples (
        id,
        is_converged,
        trajectory_id,
        walking_information_id
    )
VALUES
    (
        '01JET50F7V1CJPFCSBA7D9W4JA',
        TRUE,
        '01JET1DV4WJ2EP78B8HAKK5SP0',
        '01JET50F7V46XPWQ59101BA7YS'
    );

INSERT INTO
    estimated_positions (id, x, y, direction, walking_sample_id)
VALUES
    (
        '01JET50F7V53VVH38A1C9VSZ3W',
        2650,
        1100,
        270,
        '01JET50F7V1CJPFCSBA7D9W4JA'
    );

INSERT INTO
    walking_information (id, pedestrian_id)
VALUES
    (
        '01JET50F7VGNHBBKJVW36S017B',
        '01F8VYXK67BGC1F9RP1E4S9YAK'
    );

INSERT INTO
    walking_samples (
        id,
        is_converged,
        trajectory_id,
        walking_information_id
    )
VALUES
    (
        '01JET50F7VWAS3G17AK0QHS62R',
        TRUE,
        '01JET1DV4WJ2EP78B8HAKK5SP0',
        '01JET50F7VGNHBBKJVW36S017B'
    );

INSERT INTO
    estimated_positions (id, x, y, direction, walking_sample_id)
VALUES
    (
        '01JET50F7V107S1QWJ16VJW3W0',
        2590,
        1100,
        270,
        '01JET50F7VWAS3G17AK0QHS62R'
    );

INSERT INTO
    walking_information (id, pedestrian_id)
VALUES
    (
        '01JET50F7V0553EFZYBBT6793G',
        '01F8VYXK67BGC1F9RP1E4S9YAK'
    );

INSERT INTO
    walking_samples (
        id,
        is_converged,
        trajectory_id,
        walking_information_id
    )
VALUES
    (
        '01JET50F7VYW06EZ2H5KJ4789W',
        TRUE,
        '01JET1DV4WJ2EP78B8HAKK5SP0',
        '01JET50F7V0553EFZYBBT6793G'
    );

INSERT INTO
    estimated_positions (id, x, y, direction, walking_sample_id)
VALUES
    (
        '01JET50F7VTQFE6ED0NB4Q73PQ',
        2530,
        1100,
        270,
        '01JET50F7VYW06EZ2H5KJ4789W'
    );

INSERT INTO
    walking_information (id, pedestrian_id)
VALUES
    (
        '01JET50F7V9Y1DKCF5XWTD2DPY',
        '01F8VYXK67BGC1F9RP1E4S9YAK'
    );

INSERT INTO
    walking_samples (
        id,
        is_converged,
        trajectory_id,
        walking_information_id
    )
VALUES
    (
        '01JET50F7VW9W9B30WB2V34K3S',
        TRUE,
        '01JET1DV4WJ2EP78B8HAKK5SP0',
        '01JET50F7V9Y1DKCF5XWTD2DPY'
    );

INSERT INTO
    estimated_positions (id, x, y, direction, walking_sample_id)
VALUES
    (
        '01JET50F7VRPZ2QKB0F14EME06',
        2470,
        1100,
        270,
        '01JET50F7VW9W9B30WB2V34K3S'
    );

INSERT INTO
    walking_information (id, pedestrian_id)
VALUES
    (
        '01JET50F7VR33GN6ZVS6Y2DJQT',
        '01F8VYXK67BGC1F9RP1E4S9YAK'
    );

INSERT INTO
    walking_samples (
        id,
        is_converged,
        trajectory_id,
        walking_information_id
    )
VALUES
    (
        '01JET50F7VPJCC3FC3Z5JV92JK',
        TRUE,
        '01JET1DV4WJ2EP78B8HAKK5SP0',
        '01JET50F7VR33GN6ZVS6Y2DJQT'
    );

INSERT INTO
    estimated_positions (id, x, y, direction, walking_sample_id)
VALUES
    (
        '01JET50F7VEANZER90K1DXJ7ND',
        2410,
        1100,
        270,
        '01JET50F7VPJCC3FC3Z5JV92JK'
    );

INSERT INTO
    walking_information (id, pedestrian_id)
VALUES
    (
        '01JET50F7VTG5FQEGAVEPBAH4H',
        '01F8VYXK67BGC1F9RP1E4S9YAK'
    );

INSERT INTO
    walking_samples (
        id,
        is_converged,
        trajectory_id,
        walking_information_id
    )
VALUES
    (
        '01JET50F7V1Y98G4ASPW20EG0Z',
        TRUE,
        '01JET1DV4WJ2EP78B8HAKK5SP0',
        '01JET50F7VTG5FQEGAVEPBAH4H'
    );

INSERT INTO
    estimated_positions (id, x, y, direction, walking_sample_id)
VALUES
    (
        '01JET50F7VA0PK85ZHT9J3NGMB',
        2350,
        1100,
        270,
        '01JET50F7V1Y98G4ASPW20EG0Z'
    );

INSERT INTO
    walking_information (id, pedestrian_id)
VALUES
    (
        '01JET50F7V4Y23NBR2HGYGMKJZ',
        '01F8VYXK67BGC1F9RP1E4S9YAK'
    );

INSERT INTO
    walking_samples (
        id,
        is_converged,
        trajectory_id,
        walking_information_id
    )
VALUES
    (
        '01JET50F7V795CWFVZ8QFW81J8',
        TRUE,
        '01JET1DV4WJ2EP78B8HAKK5SP0',
        '01JET50F7V4Y23NBR2HGYGMKJZ'
    );

INSERT INTO
    estimated_positions (id, x, y, direction, walking_sample_id)
VALUES
    (
        '01JET50F7VZ81K734BYF6R6MS6',
        2290,
        1100,
        270,
        '01JET50F7V795CWFVZ8QFW81J8'
    );

INSERT INTO
    walking_information (id, pedestrian_id)
VALUES
    (
        '01JET50F7VP3GG4N92BAXRSGPR',
        '01F8VYXK67BGC1F9RP1E4S9YAK'
    );

INSERT INTO
    walking_samples (
        id,
        is_converged,
        trajectory_id,
        walking_information_id
    )
VALUES
    (
        '01JET50F7V12J12TCFPVR9XA46',
        TRUE,
        '01JET1DV4WJ2EP78B8HAKK5SP0',
        '01JET50F7VP3GG4N92BAXRSGPR'
    );

INSERT INTO
    estimated_positions (id, x, y, direction, walking_sample_id)
VALUES
    (
        '01JET50F7VJNYYQ9899VFV7NPK',
        2230,
        1100,
        270,
        '01JET50F7V12J12TCFPVR9XA46'
    );

INSERT INTO
    walking_information (id, pedestrian_id)
VALUES
    (
        '01JET50F7VHP93MZX3954RMVR9',
        '01F8VYXK67BGC1F9RP1E4S9YAK'
    );

INSERT INTO
    walking_samples (
        id,
        is_converged,
        trajectory_id,
        walking_information_id
    )
VALUES
    (
        '01JET50F7VFSQBFQZKVT40C8G1',
        TRUE,
        '01JET1DV4WJ2EP78B8HAKK5SP0',
        '01JET50F7VHP93MZX3954RMVR9'
    );

INSERT INTO
    estimated_positions (id, x, y, direction, walking_sample_id)
VALUES
    (
        '01JET50F7VDG5GWC69MYKKX9R8',
        2170,
        1100,
        270,
        '01JET50F7VFSQBFQZKVT40C8G1'
    );

INSERT INTO
    walking_information (id, pedestrian_id)
VALUES
    (
        '01JET50F7VZVZ6FWVZ2Z007S32',
        '01F8VYXK67BGC1F9RP1E4S9YAK'
    );

INSERT INTO
    walking_samples (
        id,
        is_converged,
        trajectory_id,
        walking_information_id
    )
VALUES
    (
        '01JET50F7VFB8GQ5CDYS06YMVM',
        TRUE,
        '01JET1DV4WJ2EP78B8HAKK5SP0',
        '01JET50F7VZVZ6FWVZ2Z007S32'
    );

INSERT INTO
    estimated_positions (id, x, y, direction, walking_sample_id)
VALUES
    (
        '01JET50F7V8P8E40TY4AZ378KM',
        2110,
        1100,
        270,
        '01JET50F7VFB8GQ5CDYS06YMVM'
    );

INSERT INTO
    walking_information (id, pedestrian_id)
VALUES
    (
        '01JET50F7VQR374FWJSYV5EQYM',
        '01F8VYXK67BGC1F9RP1E4S9YAK'
    );

INSERT INTO
    walking_samples (
        id,
        is_converged,
        trajectory_id,
        walking_information_id
    )
VALUES
    (
        '01JET50F7VT7NZHBG0TY01JHD9',
        TRUE,
        '01JET1DV4WJ2EP78B8HAKK5SP0',
        '01JET50F7VQR374FWJSYV5EQYM'
    );

INSERT INTO
    estimated_positions (id, x, y, direction, walking_sample_id)
VALUES
    (
        '01JET50F7VV5VH81DF0ST2THET',
        2050,
        1100,
        270,
        '01JET50F7VT7NZHBG0TY01JHD9'
    );

INSERT INTO
    walking_information (id, pedestrian_id)
VALUES
    (
        '01JET50F7VW4SA8FGAZNDK3TZM',
        '01F8VYXK67BGC1F9RP1E4S9YAK'
    );

INSERT INTO
    walking_samples (
        id,
        is_converged,
        trajectory_id,
        walking_information_id
    )
VALUES
    (
        '01JET50F7VAJ1BMGQ7Q0MXSGJZ',
        TRUE,
        '01JET1DV4WJ2EP78B8HAKK5SP0',
        '01JET50F7VW4SA8FGAZNDK3TZM'
    );

INSERT INTO
    estimated_positions (id, x, y, direction, walking_sample_id)
VALUES
    (
        '01JET50F7VSTV8BF3E31NM36JB',
        1990,
        1100,
        270,
        '01JET50F7VAJ1BMGQ7Q0MXSGJZ'
    );

INSERT INTO
    walking_information (id, pedestrian_id)
VALUES
    (
        '01JET50F7V5AFTCE9JVVCYRR44',
        '01F8VYXK67BGC1F9RP1E4S9YAK'
    );

INSERT INTO
    walking_samples (
        id,
        is_converged,
        trajectory_id,
        walking_information_id
    )
VALUES
    (
        '01JET50F7V6DCXVRV3PTBDTGT3',
        TRUE,
        '01JET1DV4WJ2EP78B8HAKK5SP0',
        '01JET50F7V5AFTCE9JVVCYRR44'
    );

INSERT INTO
    estimated_positions (id, x, y, direction, walking_sample_id)
VALUES
    (
        '01JET50F7VAHE5PTPFAA1X1AHK',
        1930,
        1100,
        270,
        '01JET50F7V6DCXVRV3PTBDTGT3'
    );

INSERT INTO
    walking_information (id, pedestrian_id)
VALUES
    (
        '01JET50F7VST13PK7RH47G5TSF',
        '01F8VYXK67BGC1F9RP1E4S9YAK'
    );

INSERT INTO
    walking_samples (
        id,
        is_converged,
        trajectory_id,
        walking_information_id
    )
VALUES
    (
        '01JET50F7V0YZN0ZNPSXQA2E8V',
        TRUE,
        '01JET1DV4WJ2EP78B8HAKK5SP0',
        '01JET50F7VST13PK7RH47G5TSF'
    );

INSERT INTO
    estimated_positions (id, x, y, direction, walking_sample_id)
VALUES
    (
        '01JET50F7VR9XTGPRWMDWJD8QR',
        1870,
        1100,
        270,
        '01JET50F7V0YZN0ZNPSXQA2E8V'
    );

INSERT INTO
    walking_information (id, pedestrian_id)
VALUES
    (
        '01JET50F7VBCSMWJRG1QR7MN2Y',
        '01F8VYXK67BGC1F9RP1E4S9YAK'
    );

INSERT INTO
    walking_samples (
        id,
        is_converged,
        trajectory_id,
        walking_information_id
    )
VALUES
    (
        '01JET50F7VAQVSZHF5RPG9TA2P',
        TRUE,
        '01JET1DV4WJ2EP78B8HAKK5SP0',
        '01JET50F7VBCSMWJRG1QR7MN2Y'
    );

INSERT INTO
    estimated_positions (id, x, y, direction, walking_sample_id)
VALUES
    (
        '01JET50F7VZN8THJJYESZP45Z8',
        1810,
        1100,
        270,
        '01JET50F7VAQVSZHF5RPG9TA2P'
    );

INSERT INTO
    walking_information (id, pedestrian_id)
VALUES
    (
        '01JET50F7VBMZPS4HZHKZ1ZJKC',
        '01F8VYXK67BGC1F9RP1E4S9YAK'
    );

INSERT INTO
    walking_samples (
        id,
        is_converged,
        trajectory_id,
        walking_information_id
    )
VALUES
    (
        '01JET50F7VDWE70MFZQA2C01SV',
        TRUE,
        '01JET1DV4WJ2EP78B8HAKK5SP0',
        '01JET50F7VBMZPS4HZHKZ1ZJKC'
    );

INSERT INTO
    estimated_positions (id, x, y, direction, walking_sample_id)
VALUES
    (
        '01JET50F7VW5WMRE9MSHN97T9T',
        1750,
        1100,
        270,
        '01JET50F7VDWE70MFZQA2C01SV'
    );

INSERT INTO
    walking_information (id, pedestrian_id)
VALUES
    (
        '01JET50F7VRF4QN3MH9T64J9GS',
        '01F8VYXK67BGC1F9RP1E4S9YAK'
    );

INSERT INTO
    walking_samples (
        id,
        is_converged,
        trajectory_id,
        walking_information_id
    )
VALUES
    (
        '01JET50F7V5VT9K71N8KGZ2RAK',
        TRUE,
        '01JET1DV4WJ2EP78B8HAKK5SP0',
        '01JET50F7VRF4QN3MH9T64J9GS'
    );

INSERT INTO
    estimated_positions (id, x, y, direction, walking_sample_id)
VALUES
    (
        '01JET50F7VTQSX8N8YPCESKMQ1',
        1690,
        1100,
        270,
        '01JET50F7V5VT9K71N8KGZ2RAK'
    );

INSERT INTO
    walking_information (id, pedestrian_id)
VALUES
    (
        '01JET50F7VYG5Q7KCCW2BZV5B6',
        '01F8VYXK67BGC1F9RP1E4S9YAK'
    );

INSERT INTO
    walking_samples (
        id,
        is_converged,
        trajectory_id,
        walking_information_id
    )
VALUES
    (
        '01JET50F7VRTGA7FHARD501FT9',
        TRUE,
        '01JET1DV4WJ2EP78B8HAKK5SP0',
        '01JET50F7VYG5Q7KCCW2BZV5B6'
    );

INSERT INTO
    estimated_positions (id, x, y, direction, walking_sample_id)
VALUES
    (
        '01JET50F7VWR04HC3BZ607SCNE',
        1630,
        1100,
        270,
        '01JET50F7VRTGA7FHARD501FT9'
    );

INSERT INTO
    walking_information (id, pedestrian_id)
VALUES
    (
        '01JET50F7VSK5JP1A8F591SMF3',
        '01F8VYXK67BGC1F9RP1E4S9YAK'
    );

INSERT INTO
    walking_samples (
        id,
        is_converged,
        trajectory_id,
        walking_information_id
    )
VALUES
    (
        '01JET50F7VCZJWR3YWD5FD2HW1',
        TRUE,
        '01JET1DV4WJ2EP78B8HAKK5SP0',
        '01JET50F7VSK5JP1A8F591SMF3'
    );

INSERT INTO
    estimated_positions (id, x, y, direction, walking_sample_id)
VALUES
    (
        '01JET50F7V13TDYTGFZNS1E9M8',
        1570,
        1100,
        270,
        '01JET50F7VCZJWR3YWD5FD2HW1'
    );

INSERT INTO
    walking_information (id, pedestrian_id)
VALUES
    (
        '01JET50F7VMA31TAMC5AASWF58',
        '01F8VYXK67BGC1F9RP1E4S9YAK'
    );

INSERT INTO
    walking_samples (
        id,
        is_converged,
        trajectory_id,
        walking_information_id
    )
VALUES
    (
        '01JET50F7VZNHKZ7FP7HFVSQD0',
        TRUE,
        '01JET1DV4WJ2EP78B8HAKK5SP0',
        '01JET50F7VMA31TAMC5AASWF58'
    );

INSERT INTO
    estimated_positions (id, x, y, direction, walking_sample_id)
VALUES
    (
        '01JET50F7VD65K5A2KR2E7EJGE',
        1510,
        1100,
        270,
        '01JET50F7VZNHKZ7FP7HFVSQD0'
    );

INSERT INTO
    walking_information (id, pedestrian_id)
VALUES
    (
        '01JET50F7V78M5WGZ60TRQ99QW',
        '01F8VYXK67BGC1F9RP1E4S9YAK'
    );

INSERT INTO
    walking_samples (
        id,
        is_converged,
        trajectory_id,
        walking_information_id
    )
VALUES
    (
        '01JET50F7V3TFPFFF06W94ASR9',
        TRUE,
        '01JET1DV4WJ2EP78B8HAKK5SP0',
        '01JET50F7V78M5WGZ60TRQ99QW'
    );

INSERT INTO
    estimated_positions (id, x, y, direction, walking_sample_id)
VALUES
    (
        '01JET50F7VXPEH4Q2YZCY4TB8T',
        1450,
        1100,
        270,
        '01JET50F7V3TFPFFF06W94ASR9'
    );

INSERT INTO
    walking_information (id, pedestrian_id)
VALUES
    (
        '01JET50F7VEQR0RR1CRKC38S4P',
        '01F8VYXK67BGC1F9RP1E4S9YAK'
    );

INSERT INTO
    walking_samples (
        id,
        is_converged,
        trajectory_id,
        walking_information_id
    )
VALUES
    (
        '01JET50F7VTJ8PFA0JJ8T0RJ4Y',
        TRUE,
        '01JET1DV4WJ2EP78B8HAKK5SP0',
        '01JET50F7VEQR0RR1CRKC38S4P'
    );

INSERT INTO
    estimated_positions (id, x, y, direction, walking_sample_id)
VALUES
    (
        '01JET50F7VMVSE98R4AY3ZWGWC',
        1390,
        1100,
        270,
        '01JET50F7VTJ8PFA0JJ8T0RJ4Y'
    );

INSERT INTO
    walking_information (id, pedestrian_id)
VALUES
    (
        '01JET50F7V2P71M747BPCCRQSA',
        '01F8VYXK67BGC1F9RP1E4S9YAK'
    );

INSERT INTO
    walking_samples (
        id,
        is_converged,
        trajectory_id,
        walking_information_id
    )
VALUES
    (
        '01JET50F7VW0E38SP70SGJPBW8',
        TRUE,
        '01JET1DV4WJ2EP78B8HAKK5SP0',
        '01JET50F7V2P71M747BPCCRQSA'
    );

INSERT INTO
    estimated_positions (id, x, y, direction, walking_sample_id)
VALUES
    (
        '01JET50F7VV2YK0YYYB3PKASV5',
        1330,
        1100,
        270,
        '01JET50F7VW0E38SP70SGJPBW8'
    );

INSERT INTO
    walking_information (id, pedestrian_id)
VALUES
    (
        '01JET50F7VY9PW9CZ260J6073K',
        '01F8VYXK67BGC1F9RP1E4S9YAK'
    );

INSERT INTO
    walking_samples (
        id,
        is_converged,
        trajectory_id,
        walking_information_id
    )
VALUES
    (
        '01JET50F7VZ8Z7Y8P4B7XYXTAK',
        TRUE,
        '01JET1DV4WJ2EP78B8HAKK5SP0',
        '01JET50F7VY9PW9CZ260J6073K'
    );

INSERT INTO
    estimated_positions (id, x, y, direction, walking_sample_id)
VALUES
    (
        '01JET50F7V91QB8Y2VZ01CWRH7',
        1270,
        1100,
        270,
        '01JET50F7VZ8Z7Y8P4B7XYXTAK'
    );

INSERT INTO
    walking_information (id, pedestrian_id)
VALUES
    (
        '01JET50F7V2ZDA1RR2711ZM2JT',
        '01F8VYXK67BGC1F9RP1E4S9YAK'
    );

INSERT INTO
    walking_samples (
        id,
        is_converged,
        trajectory_id,
        walking_information_id
    )
VALUES
    (
        '01JET50F7VHVW5EG8FN1JKP0PK',
        TRUE,
        '01JET1DV4WJ2EP78B8HAKK5SP0',
        '01JET50F7V2ZDA1RR2711ZM2JT'
    );

INSERT INTO
    estimated_positions (id, x, y, direction, walking_sample_id)
VALUES
    (
        '01JET50F7VNEFTGB10QMHST25W',
        1210,
        1100,
        270,
        '01JET50F7VHVW5EG8FN1JKP0PK'
    );

INSERT INTO
    walking_information (id, pedestrian_id)
VALUES
    (
        '01JET50F7VDV6ZMP9RCVFJAY6A',
        '01F8VYXK67BGC1F9RP1E4S9YAK'
    );

INSERT INTO
    walking_samples (
        id,
        is_converged,
        trajectory_id,
        walking_information_id
    )
VALUES
    (
        '01JET50F7VT4AF9W2AKGSY2ZWQ',
        TRUE,
        '01JET1DV4WJ2EP78B8HAKK5SP0',
        '01JET50F7VDV6ZMP9RCVFJAY6A'
    );

INSERT INTO
    estimated_positions (id, x, y, direction, walking_sample_id)
VALUES
    (
        '01JET50F7VKTWZC2RFDD4GTFEZ',
        1150,
        1100,
        270,
        '01JET50F7VT4AF9W2AKGSY2ZWQ'
    );

INSERT INTO
    walking_information (id, pedestrian_id)
VALUES
    (
        '01JET50F7VY79JQG8NEMQSZ5XH',
        '01F8VYXK67BGC1F9RP1E4S9YAK'
    );

INSERT INTO
    walking_samples (
        id,
        is_converged,
        trajectory_id,
        walking_information_id
    )
VALUES
    (
        '01JET50F7VH0H6TS6EWXPZFCRW',
        TRUE,
        '01JET1DV4WJ2EP78B8HAKK5SP0',
        '01JET50F7VY79JQG8NEMQSZ5XH'
    );

INSERT INTO
    estimated_positions (id, x, y, direction, walking_sample_id)
VALUES
    (
        '01JET50F7VW87ZY5632594TGBG',
        1090,
        1100,
        270,
        '01JET50F7VH0H6TS6EWXPZFCRW'
    );

INSERT INTO
    walking_information (id, pedestrian_id)
VALUES
    (
        '01JET50F7V22YP5NQ7MR5AFSSR',
        '01F8VYXK67BGC1F9RP1E4S9YAK'
    );

INSERT INTO
    walking_samples (
        id,
        is_converged,
        trajectory_id,
        walking_information_id
    )
VALUES
    (
        '01JET50F7VDX0ET1PA6GWJJNQ1',
        TRUE,
        '01JET1DV4WJ2EP78B8HAKK5SP0',
        '01JET50F7V22YP5NQ7MR5AFSSR'
    );

INSERT INTO
    estimated_positions (id, x, y, direction, walking_sample_id)
VALUES
    (
        '01JET50F7VEKPSQ7CP28KDWB43',
        1030,
        1100,
        270,
        '01JET50F7VDX0ET1PA6GWJJNQ1'
    );

INSERT INTO
    walking_information (id, pedestrian_id)
VALUES
    (
        '01JET50F7VZHA1W1FYCWSRGN07',
        '01F8VYXK67BGC1F9RP1E4S9YAK'
    );

INSERT INTO
    walking_samples (
        id,
        is_converged,
        trajectory_id,
        walking_information_id
    )
VALUES
    (
        '01JET50F7V4MS7M6S1MW6KNS95',
        TRUE,
        '01JET1DV4WJ2EP78B8HAKK5SP0',
        '01JET50F7VZHA1W1FYCWSRGN07'
    );

INSERT INTO
    estimated_positions (id, x, y, direction, walking_sample_id)
VALUES
    (
        '01JET50F7V2FXN5ATV0BARK79R',
        970,
        1100,
        270,
        '01JET50F7V4MS7M6S1MW6KNS95'
    );

INSERT INTO
    walking_information (id, pedestrian_id)
VALUES
    (
        '01JET50F7V7ARJYQ8FSBTC2433',
        '01F8VYXK67BGC1F9RP1E4S9YAK'
    );

INSERT INTO
    walking_samples (
        id,
        is_converged,
        trajectory_id,
        walking_information_id
    )
VALUES
    (
        '01JET50F7V93YZKN3T4ETKR2GK',
        TRUE,
        '01JET1DV4WJ2EP78B8HAKK5SP0',
        '01JET50F7V7ARJYQ8FSBTC2433'
    );

INSERT INTO
    estimated_positions (id, x, y, direction, walking_sample_id)
VALUES
    (
        '01JET50F7V2Z5M75VVDANVKM5G',
        910,
        1100,
        270,
        '01JET50F7V93YZKN3T4ETKR2GK'
    );

INSERT INTO
    walking_information (id, pedestrian_id)
VALUES
    (
        '01JET50F7VYSSWMMZ1J63VT5EW',
        '01F8VYXK67BGC1F9RP1E4S9YAK'
    );

INSERT INTO
    walking_samples (
        id,
        is_converged,
        trajectory_id,
        walking_information_id
    )
VALUES
    (
        '01JET50F7V4JGJ4YY6CGKBS0VC',
        TRUE,
        '01JET1DV4WJ2EP78B8HAKK5SP0',
        '01JET50F7VYSSWMMZ1J63VT5EW'
    );

INSERT INTO
    estimated_positions (id, x, y, direction, walking_sample_id)
VALUES
    (
        '01JET50F7VS0E2WNRM13YPHZ29',
        850,
        1100,
        270,
        '01JET50F7V4JGJ4YY6CGKBS0VC'
    );

INSERT INTO
    walking_information (id, pedestrian_id)
VALUES
    (
        '01JET50F7VQ5CQ531CG7XKQ6YA',
        '01F8VYXK67BGC1F9RP1E4S9YAK'
    );

INSERT INTO
    walking_samples (
        id,
        is_converged,
        trajectory_id,
        walking_information_id
    )
VALUES
    (
        '01JET50F7VCXF2T15PDWKEGJGW',
        TRUE,
        '01JET1DV4WJ2EP78B8HAKK5SP0',
        '01JET50F7VQ5CQ531CG7XKQ6YA'
    );

INSERT INTO
    estimated_positions (id, x, y, direction, walking_sample_id)
VALUES
    (
        '01JET50F7VNHCQ4GFMK7WY0TQ4',
        790,
        1100,
        270,
        '01JET50F7VCXF2T15PDWKEGJGW'
    );

INSERT INTO
    walking_information (id, pedestrian_id)
VALUES
    (
        '01JET50F7V279KQMGM9TJJV75W',
        '01F8VYXK67BGC1F9RP1E4S9YAK'
    );

INSERT INTO
    walking_samples (
        id,
        is_converged,
        trajectory_id,
        walking_information_id
    )
VALUES
    (
        '01JET50F7VGD7M42JJYQDV3STD',
        TRUE,
        '01JET1DV4WJ2EP78B8HAKK5SP0',
        '01JET50F7V279KQMGM9TJJV75W'
    );

INSERT INTO
    estimated_positions (id, x, y, direction, walking_sample_id)
VALUES
    (
        '01JET50F7VPJYYPXCBZHDDTRWV',
        730,
        1100,
        270,
        '01JET50F7VGD7M42JJYQDV3STD'
    );

INSERT INTO
    walking_information (id, pedestrian_id)
VALUES
    (
        '01JET50F7VFJQCARF33BD09RYN',
        '01F8VYXK67BGC1F9RP1E4S9YAK'
    );

INSERT INTO
    walking_samples (
        id,
        is_converged,
        trajectory_id,
        walking_information_id
    )
VALUES
    (
        '01JET50F7VWRY99RZ1CBC57H8K',
        TRUE,
        '01JET1DV4WJ2EP78B8HAKK5SP0',
        '01JET50F7VFJQCARF33BD09RYN'
    );

INSERT INTO
    estimated_positions (id, x, y, direction, walking_sample_id)
VALUES
    (
        '01JET50F7VF4SK1SCY7MNTJ0W7',
        670,
        1100,
        270,
        '01JET50F7VWRY99RZ1CBC57H8K'
    );

INSERT INTO
    walking_information (id, pedestrian_id)
VALUES
    (
        '01JET50F7VYVYATVT3BCH7H1HQ',
        '01F8VYXK67BGC1F9RP1E4S9YAK'
    );

INSERT INTO
    walking_samples (
        id,
        is_converged,
        trajectory_id,
        walking_information_id
    )
VALUES
    (
        '01JET50F7VFN8C6XPEMEK4QSW2',
        TRUE,
        '01JET1DV4WJ2EP78B8HAKK5SP0',
        '01JET50F7VYVYATVT3BCH7H1HQ'
    );

INSERT INTO
    estimated_positions (id, x, y, direction, walking_sample_id)
VALUES
    (
        '01JET50F7V5RZYKD44FE88AVBC',
        610,
        1100,
        270,
        '01JET50F7VFN8C6XPEMEK4QSW2'
    );

INSERT INTO
    walking_information (id, pedestrian_id)
VALUES
    (
        '01JET50F7VHA9592QF77H7EVV5',
        '01F8VYXK67BGC1F9RP1E4S9YAK'
    );

INSERT INTO
    walking_samples (
        id,
        is_converged,
        trajectory_id,
        walking_information_id
    )
VALUES
    (
        '01JET50F7V6JKJPJ096NG6P68J',
        TRUE,
        '01JET1DV4WJ2EP78B8HAKK5SP0',
        '01JET50F7VHA9592QF77H7EVV5'
    );

INSERT INTO
    estimated_positions (id, x, y, direction, walking_sample_id)
VALUES
    (
        '01JET50F7V80JP2M2P87MHJ3X9',
        550,
        1100,
        270,
        '01JET50F7V6JKJPJ096NG6P68J'
    );

INSERT INTO
    walking_information (id, pedestrian_id)
VALUES
    (
        '01JET50F7WZR9HQ6T4RGGRKJFS',
        '01F8VYXK67BGC1F9RP1E4S9YAK'
    );

INSERT INTO
    walking_samples (
        id,
        is_converged,
        trajectory_id,
        walking_information_id
    )
VALUES
    (
        '01JET50F7WE2APD93JHM916APW',
        TRUE,
        '01JET1DV4WJ2EP78B8HAKK5SP0',
        '01JET50F7WZR9HQ6T4RGGRKJFS'
    );

INSERT INTO
    estimated_positions (id, x, y, direction, walking_sample_id)
VALUES
    (
        '01JET50F7WB7AZDSSWNK8YAC9C',
        490,
        1100,
        270,
        '01JET50F7WE2APD93JHM916APW'
    );

INSERT INTO
    walking_information (id, pedestrian_id)
VALUES
    (
        '01JET50F7WNRK0AWRZ7S4Z97JM',
        '01F8VYXK67BGC1F9RP1E4S9YAK'
    );

INSERT INTO
    walking_samples (
        id,
        is_converged,
        trajectory_id,
        walking_information_id
    )
VALUES
    (
        '01JET50F7WVG4MNAD5GMYFRHG3',
        TRUE,
        '01JET1DV4WJ2EP78B8HAKK5SP0',
        '01JET50F7WNRK0AWRZ7S4Z97JM'
    );

INSERT INTO
    estimated_positions (id, x, y, direction, walking_sample_id)
VALUES
    (
        '01JET50F7WBKHYCQC0GW3MQ2RM',
        430,
        1100,
        270,
        '01JET50F7WVG4MNAD5GMYFRHG3'
    );

INSERT INTO
    walking_information (id, pedestrian_id)
VALUES
    (
        '01JET50F7W4WTF8ASDV3MQ3CR0',
        '01F8VYXK67BGC1F9RP1E4S9YAK'
    );

INSERT INTO
    walking_samples (
        id,
        is_converged,
        trajectory_id,
        walking_information_id
    )
VALUES
    (
        '01JET50F7WE6RME8Y5NX6EYSMG',
        TRUE,
        '01JET1DV4WJ2EP78B8HAKK5SP0',
        '01JET50F7W4WTF8ASDV3MQ3CR0'
    );

INSERT INTO
    estimated_positions (id, x, y, direction, walking_sample_id)
VALUES
    (
        '01JET50F7W57Y6058SP7FYMNKC',
        370,
        1100,
        270,
        '01JET50F7WE6RME8Y5NX6EYSMG'
    );

INSERT INTO
    walking_information (id, pedestrian_id)
VALUES
    (
        '01JET50F7WTH2PAE5WRPNB3Q69',
        '01F8VYXK67BGC1F9RP1E4S9YAK'
    );

INSERT INTO
    walking_samples (
        id,
        is_converged,
        trajectory_id,
        walking_information_id
    )
VALUES
    (
        '01JET50F7WEAZCGVMZZGKVGE1T',
        TRUE,
        '01JET1DV4WJ2EP78B8HAKK5SP0',
        '01JET50F7WTH2PAE5WRPNB3Q69'
    );

INSERT INTO
    estimated_positions (id, x, y, direction, walking_sample_id)
VALUES
    (
        '01JET50F7W0Y2GC062CZAJ1YNS',
        350,
        1100,
        180,
        '01JET50F7WEAZCGVMZZGKVGE1T'
    );

INSERT INTO
    walking_information (id, pedestrian_id)
VALUES
    (
        '01JET50F7WQJNE9K6AQKR59D32',
        '01F8VYXK67BGC1F9RP1E4S9YAK'
    );

INSERT INTO
    walking_samples (
        id,
        is_converged,
        trajectory_id,
        walking_information_id
    )
VALUES
    (
        '01JET50F7W8JQ6M64HZ4MTW04Z',
        TRUE,
        '01JET1DV4WJ2EP78B8HAKK5SP0',
        '01JET50F7WQJNE9K6AQKR59D32'
    );

INSERT INTO
    estimated_positions (id, x, y, direction, walking_sample_id)
VALUES
    (
        '01JET50F7W8R9Z5KMV2498VS87',
        350,
        1100,
        180,
        '01JET50F7W8JQ6M64HZ4MTW04Z'
    );

INSERT INTO
    walking_information (id, pedestrian_id)
VALUES
    (
        '01JET50F7WHC52NDSPJAMTDE76',
        '01F8VYXK67BGC1F9RP1E4S9YAK'
    );

INSERT INTO
    walking_samples (
        id,
        is_converged,
        trajectory_id,
        walking_information_id
    )
VALUES
    (
        '01JET50F7W2XRQTW2T8JJY1GDB',
        TRUE,
        '01JET1DV4WJ2EP78B8HAKK5SP0',
        '01JET50F7WHC52NDSPJAMTDE76'
    );

INSERT INTO
    estimated_positions (id, x, y, direction, walking_sample_id)
VALUES
    (
        '01JET50F7WK2ZQRYGWFJ6SDEZB',
        350,
        1160,
        180,
        '01JET50F7W2XRQTW2T8JJY1GDB'
    );

INSERT INTO
    walking_information (id, pedestrian_id)
VALUES
    (
        '01JET50F7W4VGQWZQCXPJFXGX3',
        '01F8VYXK67BGC1F9RP1E4S9YAK'
    );

INSERT INTO
    walking_samples (
        id,
        is_converged,
        trajectory_id,
        walking_information_id
    )
VALUES
    (
        '01JET50F7WYXBESH65KMZTRV2M',
        TRUE,
        '01JET1DV4WJ2EP78B8HAKK5SP0',
        '01JET50F7W4VGQWZQCXPJFXGX3'
    );

INSERT INTO
    estimated_positions (id, x, y, direction, walking_sample_id)
VALUES
    (
        '01JET50F7WCN46P0JMHX2BZZJG',
        350,
        1220,
        180,
        '01JET50F7WYXBESH65KMZTRV2M'
    );

INSERT INTO
    walking_information (id, pedestrian_id)
VALUES
    (
        '01JET50F7WE3W1MD8F5KGCK60N',
        '01F8VYXK67BGC1F9RP1E4S9YAK'
    );

INSERT INTO
    walking_samples (
        id,
        is_converged,
        trajectory_id,
        walking_information_id
    )
VALUES
    (
        '01JET50F7WZN5Q2BXACD7896WY',
        TRUE,
        '01JET1DV4WJ2EP78B8HAKK5SP0',
        '01JET50F7WE3W1MD8F5KGCK60N'
    );

INSERT INTO
    estimated_positions (id, x, y, direction, walking_sample_id)
VALUES
    (
        '01JET50F7WFKHBGW03RRYZBYCP',
        350,
        1280,
        180,
        '01JET50F7WZN5Q2BXACD7896WY'
    );

INSERT INTO
    walking_information (id, pedestrian_id)
VALUES
    (
        '01JET50F7WW03905ZWEAWGBY27',
        '01F8VYXK67BGC1F9RP1E4S9YAK'
    );

INSERT INTO
    walking_samples (
        id,
        is_converged,
        trajectory_id,
        walking_information_id
    )
VALUES
    (
        '01JET50F7WS54Z4NCKXQ0KYXTR',
        TRUE,
        '01JET1DV4WJ2EP78B8HAKK5SP0',
        '01JET50F7WW03905ZWEAWGBY27'
    );

INSERT INTO
    estimated_positions (id, x, y, direction, walking_sample_id)
VALUES
    (
        '01JET50F7WJZ1278ZZ6SWNSB9Q',
        350,
        1340,
        180,
        '01JET50F7WS54Z4NCKXQ0KYXTR'
    );

INSERT INTO
    walking_information (id, pedestrian_id)
VALUES
    (
        '01JET50F7WK0DPYMX8YZHNBR2S',
        '01F8VYXK67BGC1F9RP1E4S9YAK'
    );

INSERT INTO
    walking_samples (
        id,
        is_converged,
        trajectory_id,
        walking_information_id
    )
VALUES
    (
        '01JET50F7W04R6NRHJMNFG3BHG',
        TRUE,
        '01JET1DV4WJ2EP78B8HAKK5SP0',
        '01JET50F7WK0DPYMX8YZHNBR2S'
    );

INSERT INTO
    estimated_positions (id, x, y, direction, walking_sample_id)
VALUES
    (
        '01JET50F7W6SYQAZ0QDR707CAV',
        350,
        1400,
        180,
        '01JET50F7W04R6NRHJMNFG3BHG'
    );

INSERT INTO
    walking_information (id, pedestrian_id)
VALUES
    (
        '01JET50F7WH7D7A29HQH8155ZN',
        '01F8VYXK67BGC1F9RP1E4S9YAK'
    );

INSERT INTO
    walking_samples (
        id,
        is_converged,
        trajectory_id,
        walking_information_id
    )
VALUES
    (
        '01JET50F7WCQQH5CJQMRMQXXWE',
        TRUE,
        '01JET1DV4WJ2EP78B8HAKK5SP0',
        '01JET50F7WH7D7A29HQH8155ZN'
    );

INSERT INTO
    estimated_positions (id, x, y, direction, walking_sample_id)
VALUES
    (
        '01JET50F7WBSG73S9205E1BA71',
        350,
        1460,
        180,
        '01JET50F7WCQQH5CJQMRMQXXWE'
    );

INSERT INTO
    walking_information (id, pedestrian_id)
VALUES
    (
        '01JET50F7WF2MMNPDR7RRRY919',
        '01F8VYXK67BGC1F9RP1E4S9YAK'
    );

INSERT INTO
    walking_samples (
        id,
        is_converged,
        trajectory_id,
        walking_information_id
    )
VALUES
    (
        '01JET50F7W86ACJ010GY0CSHE3',
        TRUE,
        '01JET1DV4WJ2EP78B8HAKK5SP0',
        '01JET50F7WF2MMNPDR7RRRY919'
    );

INSERT INTO
    estimated_positions (id, x, y, direction, walking_sample_id)
VALUES
    (
        '01JET50F7W4VJJTZVPR52N1HTP',
        350,
        1500,
        90,
        '01JET50F7W86ACJ010GY0CSHE3'
    );

INSERT INTO
    walking_information (id, pedestrian_id)
VALUES
    (
        '01JET50F7WTA9PJ156KQZ3E61P',
        '01F8VYXK67BGC1F9RP1E4S9YAK'
    );

INSERT INTO
    walking_samples (
        id,
        is_converged,
        trajectory_id,
        walking_information_id
    )
VALUES
    (
        '01JET50F7WYR5XYRENPX0GESN9',
        TRUE,
        '01JET1DV4WJ2EP78B8HAKK5SP0',
        '01JET50F7WTA9PJ156KQZ3E61P'
    );

INSERT INTO
    estimated_positions (id, x, y, direction, walking_sample_id)
VALUES
    (
        '01JET50F7WNFP0M30JP2HR0J72',
        350,
        1500,
        90,
        '01JET50F7WYR5XYRENPX0GESN9'
    );

INSERT INTO
    walking_information (id, pedestrian_id)
VALUES
    (
        '01JET50F7W4EHMGNMMHPPG3G75',
        '01F8VYXK67BGC1F9RP1E4S9YAK'
    );

INSERT INTO
    walking_samples (
        id,
        is_converged,
        trajectory_id,
        walking_information_id
    )
VALUES
    (
        '01JET50F7WS19GGZ6P9GNSS6Z4',
        TRUE,
        '01JET1DV4WJ2EP78B8HAKK5SP0',
        '01JET50F7W4EHMGNMMHPPG3G75'
    );

INSERT INTO
    estimated_positions (id, x, y, direction, walking_sample_id)
VALUES
    (
        '01JET50F7WTD5NKQRA0F4RRMRT',
        410,
        1500,
        90,
        '01JET50F7WS19GGZ6P9GNSS6Z4'
    );

INSERT INTO
    walking_information (id, pedestrian_id)
VALUES
    (
        '01JET50F7WE8VB4XM6MRABRM42',
        '01F8VYXK67BGC1F9RP1E4S9YAK'
    );

INSERT INTO
    walking_samples (
        id,
        is_converged,
        trajectory_id,
        walking_information_id
    )
VALUES
    (
        '01JET50F7WKSMCP2SK31KSTYHH',
        TRUE,
        '01JET1DV4WJ2EP78B8HAKK5SP0',
        '01JET50F7WE8VB4XM6MRABRM42'
    );

INSERT INTO
    estimated_positions (id, x, y, direction, walking_sample_id)
VALUES
    (
        '01JET50F7W8KCS1D721XM15Y7Y',
        470,
        1500,
        90,
        '01JET50F7WKSMCP2SK31KSTYHH'
    );

INSERT INTO
    walking_information (id, pedestrian_id)
VALUES
    (
        '01JET50F7WR188RM5VFJW7JXX6',
        '01F8VYXK67BGC1F9RP1E4S9YAK'
    );

INSERT INTO
    walking_samples (
        id,
        is_converged,
        trajectory_id,
        walking_information_id
    )
VALUES
    (
        '01JET50F7WJCYEQWPWDW6BFE5Q',
        TRUE,
        '01JET1DV4WJ2EP78B8HAKK5SP0',
        '01JET50F7WR188RM5VFJW7JXX6'
    );

INSERT INTO
    estimated_positions (id, x, y, direction, walking_sample_id)
VALUES
    (
        '01JET50F7WQ33AKPAGFQAYFH5S',
        530,
        1500,
        90,
        '01JET50F7WJCYEQWPWDW6BFE5Q'
    );

INSERT INTO
    walking_information (id, pedestrian_id)
VALUES
    (
        '01JET50F7W9C1AZ8RZ52DR5NY2',
        '01F8VYXK67BGC1F9RP1E4S9YAK'
    );

INSERT INTO
    walking_samples (
        id,
        is_converged,
        trajectory_id,
        walking_information_id
    )
VALUES
    (
        '01JET50F7WGXM14V0QM9WZQHYR',
        TRUE,
        '01JET1DV4WJ2EP78B8HAKK5SP0',
        '01JET50F7W9C1AZ8RZ52DR5NY2'
    );

INSERT INTO
    estimated_positions (id, x, y, direction, walking_sample_id)
VALUES
    (
        '01JET50F7W63XPPD0RGQ8E65WG',
        590,
        1500,
        90,
        '01JET50F7WGXM14V0QM9WZQHYR'
    );

INSERT INTO
    walking_information (id, pedestrian_id)
VALUES
    (
        '01JET50F7WTAYQ5VC843CJPQ19',
        '01F8VYXK67BGC1F9RP1E4S9YAK'
    );

INSERT INTO
    walking_samples (
        id,
        is_converged,
        trajectory_id,
        walking_information_id
    )
VALUES
    (
        '01JET50F7WM6AZ7HMG2FE9SHSM',
        TRUE,
        '01JET1DV4WJ2EP78B8HAKK5SP0',
        '01JET50F7WTAYQ5VC843CJPQ19'
    );

INSERT INTO
    estimated_positions (id, x, y, direction, walking_sample_id)
VALUES
    (
        '01JET50F7WR82D9ZG3SVWCVEFG',
        650,
        1500,
        90,
        '01JET50F7WM6AZ7HMG2FE9SHSM'
    );

INSERT INTO
    walking_information (id, pedestrian_id)
VALUES
    (
        '01JET50F7WMH2EFZSEZZ2YRS98',
        '01F8VYXK67BGC1F9RP1E4S9YAK'
    );

INSERT INTO
    walking_samples (
        id,
        is_converged,
        trajectory_id,
        walking_information_id
    )
VALUES
    (
        '01JET50F7WRGEZKJR9Q9E6G58T',
        TRUE,
        '01JET1DV4WJ2EP78B8HAKK5SP0',
        '01JET50F7WMH2EFZSEZZ2YRS98'
    );

INSERT INTO
    estimated_positions (id, x, y, direction, walking_sample_id)
VALUES
    (
        '01JET50F7WHS7ET02CRFR8FQVA',
        710,
        1500,
        90,
        '01JET50F7WRGEZKJR9Q9E6G58T'
    );

INSERT INTO
    walking_information (id, pedestrian_id)
VALUES
    (
        '01JET50F7WJW2PK1PNDM6778GT',
        '01F8VYXK67BGC1F9RP1E4S9YAK'
    );

INSERT INTO
    walking_samples (
        id,
        is_converged,
        trajectory_id,
        walking_information_id
    )
VALUES
    (
        '01JET50F7WTGVK8PM2VGJYEZ9R',
        TRUE,
        '01JET1DV4WJ2EP78B8HAKK5SP0',
        '01JET50F7WJW2PK1PNDM6778GT'
    );

INSERT INTO
    estimated_positions (id, x, y, direction, walking_sample_id)
VALUES
    (
        '01JET50F7WY909AJ9EFD0G71FM',
        770,
        1500,
        90,
        '01JET50F7WTGVK8PM2VGJYEZ9R'
    );

INSERT INTO
    walking_information (id, pedestrian_id)
VALUES
    (
        '01JET50F7WYMJGWP54F17ZA5M2',
        '01F8VYXK67BGC1F9RP1E4S9YAK'
    );

INSERT INTO
    walking_samples (
        id,
        is_converged,
        trajectory_id,
        walking_information_id
    )
VALUES
    (
        '01JET50F7WCWWEA7QHQ734Q6GM',
        TRUE,
        '01JET1DV4WJ2EP78B8HAKK5SP0',
        '01JET50F7WYMJGWP54F17ZA5M2'
    );

INSERT INTO
    estimated_positions (id, x, y, direction, walking_sample_id)
VALUES
    (
        '01JET50F7WDV7HTWQVHRQ7Q12B',
        830,
        1500,
        90,
        '01JET50F7WCWWEA7QHQ734Q6GM'
    );

INSERT INTO
    walking_information (id, pedestrian_id)
VALUES
    (
        '01JET50F7W03KMCWE2BXBSFT4D',
        '01F8VYXK67BGC1F9RP1E4S9YAK'
    );

INSERT INTO
    walking_samples (
        id,
        is_converged,
        trajectory_id,
        walking_information_id
    )
VALUES
    (
        '01JET50F7WEA8K6VXN2VH1N4G2',
        TRUE,
        '01JET1DV4WJ2EP78B8HAKK5SP0',
        '01JET50F7W03KMCWE2BXBSFT4D'
    );

INSERT INTO
    estimated_positions (id, x, y, direction, walking_sample_id)
VALUES
    (
        '01JET50F7WPX0TTQGKS8KME8YR',
        890,
        1500,
        90,
        '01JET50F7WEA8K6VXN2VH1N4G2'
    );

INSERT INTO
    walking_information (id, pedestrian_id)
VALUES
    (
        '01JET50F7W9W5AP8CXVXMS2GM8',
        '01F8VYXK67BGC1F9RP1E4S9YAK'
    );

INSERT INTO
    walking_samples (
        id,
        is_converged,
        trajectory_id,
        walking_information_id
    )
VALUES
    (
        '01JET50F7WDD3BNCTAZPR79V7R',
        TRUE,
        '01JET1DV4WJ2EP78B8HAKK5SP0',
        '01JET50F7W9W5AP8CXVXMS2GM8'
    );

INSERT INTO
    estimated_positions (id, x, y, direction, walking_sample_id)
VALUES
    (
        '01JET50F7WXKQ0PGTXJSVV8WAA',
        950,
        1500,
        90,
        '01JET50F7WDD3BNCTAZPR79V7R'
    );

INSERT INTO
    walking_information (id, pedestrian_id)
VALUES
    (
        '01JET50F7WN74ZWNGEFN37QJ8B',
        '01F8VYXK67BGC1F9RP1E4S9YAK'
    );

INSERT INTO
    walking_samples (
        id,
        is_converged,
        trajectory_id,
        walking_information_id
    )
VALUES
    (
        '01JET50F7WC5GGTW6YXDBY8RXK',
        TRUE,
        '01JET1DV4WJ2EP78B8HAKK5SP0',
        '01JET50F7WN74ZWNGEFN37QJ8B'
    );

INSERT INTO
    estimated_positions (id, x, y, direction, walking_sample_id)
VALUES
    (
        '01JET50F7W7GWHT9BBMWKK0FHA',
        1010,
        1500,
        90,
        '01JET50F7WC5GGTW6YXDBY8RXK'
    );

INSERT INTO
    walking_information (id, pedestrian_id)
VALUES
    (
        '01JET50F7W6Y4WTX9N6P099WFZ',
        '01F8VYXK67BGC1F9RP1E4S9YAK'
    );

INSERT INTO
    walking_samples (
        id,
        is_converged,
        trajectory_id,
        walking_information_id
    )
VALUES
    (
        '01JET50F7WVZ192364E5QRR2KT',
        TRUE,
        '01JET1DV4WJ2EP78B8HAKK5SP0',
        '01JET50F7W6Y4WTX9N6P099WFZ'
    );

INSERT INTO
    estimated_positions (id, x, y, direction, walking_sample_id)
VALUES
    (
        '01JET50F7WPFH18HCJGMN1K1KG',
        1070,
        1500,
        90,
        '01JET50F7WVZ192364E5QRR2KT'
    );

INSERT INTO
    walking_information (id, pedestrian_id)
VALUES
    (
        '01JET50F7WCG191X2Q4N1BYS4Q',
        '01F8VYXK67BGC1F9RP1E4S9YAK'
    );

INSERT INTO
    walking_samples (
        id,
        is_converged,
        trajectory_id,
        walking_information_id
    )
VALUES
    (
        '01JET50F7W9CQNS91RFEJSD66X',
        TRUE,
        '01JET1DV4WJ2EP78B8HAKK5SP0',
        '01JET50F7WCG191X2Q4N1BYS4Q'
    );

INSERT INTO
    estimated_positions (id, x, y, direction, walking_sample_id)
VALUES
    (
        '01JET50F7WDC1HQT6BXPM63YP3',
        1130,
        1500,
        90,
        '01JET50F7W9CQNS91RFEJSD66X'
    );

INSERT INTO
    walking_information (id, pedestrian_id)
VALUES
    (
        '01JET50F7WGF30VQCRDRG8BX6Z',
        '01F8VYXK67BGC1F9RP1E4S9YAK'
    );

INSERT INTO
    walking_samples (
        id,
        is_converged,
        trajectory_id,
        walking_information_id
    )
VALUES
    (
        '01JET50F7WPHN35438ADTCPKKN',
        TRUE,
        '01JET1DV4WJ2EP78B8HAKK5SP0',
        '01JET50F7WGF30VQCRDRG8BX6Z'
    );

INSERT INTO
    estimated_positions (id, x, y, direction, walking_sample_id)
VALUES
    (
        '01JET50F7W57A4DAN8SF8GSCW1',
        1190,
        1500,
        90,
        '01JET50F7WPHN35438ADTCPKKN'
    );

INSERT INTO
    walking_information (id, pedestrian_id)
VALUES
    (
        '01JET50F7W52YR88TEAY65FFTE',
        '01F8VYXK67BGC1F9RP1E4S9YAK'
    );

INSERT INTO
    walking_samples (
        id,
        is_converged,
        trajectory_id,
        walking_information_id
    )
VALUES
    (
        '01JET50F7W9AVKP15SMCN7YRG0',
        TRUE,
        '01JET1DV4WJ2EP78B8HAKK5SP0',
        '01JET50F7W52YR88TEAY65FFTE'
    );

INSERT INTO
    estimated_positions (id, x, y, direction, walking_sample_id)
VALUES
    (
        '01JET50F7WZAEXWKSBDZ1099RM',
        1250,
        1500,
        90,
        '01JET50F7W9AVKP15SMCN7YRG0'
    );

INSERT INTO
    walking_information (id, pedestrian_id)
VALUES
    (
        '01JET50F7WVARKNKEJFPGXN9ZJ',
        '01F8VYXK67BGC1F9RP1E4S9YAK'
    );

INSERT INTO
    walking_samples (
        id,
        is_converged,
        trajectory_id,
        walking_information_id
    )
VALUES
    (
        '01JET50F7WB2ZT57DB9M4K2YQ7',
        TRUE,
        '01JET1DV4WJ2EP78B8HAKK5SP0',
        '01JET50F7WVARKNKEJFPGXN9ZJ'
    );

INSERT INTO
    estimated_positions (id, x, y, direction, walking_sample_id)
VALUES
    (
        '01JET50F7WKJ8PQGWWNR2Q84ZC',
        1310,
        1500,
        90,
        '01JET50F7WB2ZT57DB9M4K2YQ7'
    );

INSERT INTO
    walking_information (id, pedestrian_id)
VALUES
    (
        '01JET50F7W2GPNX7967761KA2C',
        '01F8VYXK67BGC1F9RP1E4S9YAK'
    );

INSERT INTO
    walking_samples (
        id,
        is_converged,
        trajectory_id,
        walking_information_id
    )
VALUES
    (
        '01JET50F7WN2718K89WJKW5WJM',
        TRUE,
        '01JET1DV4WJ2EP78B8HAKK5SP0',
        '01JET50F7W2GPNX7967761KA2C'
    );

INSERT INTO
    estimated_positions (id, x, y, direction, walking_sample_id)
VALUES
    (
        '01JET50F7W3VG0F3JB5J9CZD6M',
        1370,
        1500,
        90,
        '01JET50F7WN2718K89WJKW5WJM'
    );

INSERT INTO
    walking_information (id, pedestrian_id)
VALUES
    (
        '01JET50F7W33HV856AS7GCXQX9',
        '01F8VYXK67BGC1F9RP1E4S9YAK'
    );

INSERT INTO
    walking_samples (
        id,
        is_converged,
        trajectory_id,
        walking_information_id
    )
VALUES
    (
        '01JET50F7W0S1KMFRRS0Z78TMW',
        TRUE,
        '01JET1DV4WJ2EP78B8HAKK5SP0',
        '01JET50F7W33HV856AS7GCXQX9'
    );

INSERT INTO
    estimated_positions (id, x, y, direction, walking_sample_id)
VALUES
    (
        '01JET50F7W6407FBVKPTVJBNED',
        1430,
        1500,
        90,
        '01JET50F7W0S1KMFRRS0Z78TMW'
    );

INSERT INTO
    walking_information (id, pedestrian_id)
VALUES
    (
        '01JET50F7WJBK5NCRF8X3BMDA2',
        '01F8VYXK67BGC1F9RP1E4S9YAK'
    );

INSERT INTO
    walking_samples (
        id,
        is_converged,
        trajectory_id,
        walking_information_id
    )
VALUES
    (
        '01JET50F7WTJDKWXCFDKQQEZDX',
        TRUE,
        '01JET1DV4WJ2EP78B8HAKK5SP0',
        '01JET50F7WJBK5NCRF8X3BMDA2'
    );

INSERT INTO
    estimated_positions (id, x, y, direction, walking_sample_id)
VALUES
    (
        '01JET50F7WYB9BF088XA6WVSK4',
        1490,
        1500,
        90,
        '01JET50F7WTJDKWXCFDKQQEZDX'
    );

INSERT INTO
    walking_information (id, pedestrian_id)
VALUES
    (
        '01JET50F7WZFQSZE8NCTEX5X8Z',
        '01F8VYXK67BGC1F9RP1E4S9YAK'
    );

INSERT INTO
    walking_samples (
        id,
        is_converged,
        trajectory_id,
        walking_information_id
    )
VALUES
    (
        '01JET50F7WDC91V132S4RXH0DY',
        TRUE,
        '01JET1DV4WJ2EP78B8HAKK5SP0',
        '01JET50F7WZFQSZE8NCTEX5X8Z'
    );

INSERT INTO
    estimated_positions (id, x, y, direction, walking_sample_id)
VALUES
    (
        '01JET50F7WJ9D8MWKZB45JCHAX',
        1550,
        1500,
        90,
        '01JET50F7WDC91V132S4RXH0DY'
    );

INSERT INTO
    walking_information (id, pedestrian_id)
VALUES
    (
        '01JET50F7W8RJPEGYB9WH7WVGN',
        '01F8VYXK67BGC1F9RP1E4S9YAK'
    );

INSERT INTO
    walking_samples (
        id,
        is_converged,
        trajectory_id,
        walking_information_id
    )
VALUES
    (
        '01JET50F7W8SK03FST806G6KHQ',
        TRUE,
        '01JET1DV4WJ2EP78B8HAKK5SP0',
        '01JET50F7W8RJPEGYB9WH7WVGN'
    );

INSERT INTO
    estimated_positions (id, x, y, direction, walking_sample_id)
VALUES
    (
        '01JET50F7WV5PAXVE5SJNAWE2N',
        1610,
        1500,
        90,
        '01JET50F7W8SK03FST806G6KHQ'
    );

INSERT INTO
    walking_information (id, pedestrian_id)
VALUES
    (
        '01JET50F7W39EMVMR6PZB0G3RG',
        '01F8VYXK67BGC1F9RP1E4S9YAK'
    );

INSERT INTO
    walking_samples (
        id,
        is_converged,
        trajectory_id,
        walking_information_id
    )
VALUES
    (
        '01JET50F7W5N8J5N85J2NDTQDF',
        TRUE,
        '01JET1DV4WJ2EP78B8HAKK5SP0',
        '01JET50F7W39EMVMR6PZB0G3RG'
    );

INSERT INTO
    estimated_positions (id, x, y, direction, walking_sample_id)
VALUES
    (
        '01JET50F7W853RGXEXFD97X6QH',
        1670,
        1500,
        90,
        '01JET50F7W5N8J5N85J2NDTQDF'
    );

INSERT INTO
    walking_information (id, pedestrian_id)
VALUES
    (
        '01JET50F7WQ68538B7B19PNDNN',
        '01F8VYXK67BGC1F9RP1E4S9YAK'
    );

INSERT INTO
    walking_samples (
        id,
        is_converged,
        trajectory_id,
        walking_information_id
    )
VALUES
    (
        '01JET50F7WD7DKTJG7FHJBMZ2C',
        TRUE,
        '01JET1DV4WJ2EP78B8HAKK5SP0',
        '01JET50F7WQ68538B7B19PNDNN'
    );

INSERT INTO
    estimated_positions (id, x, y, direction, walking_sample_id)
VALUES
    (
        '01JET50F7W4AQ4WD21FXHYGQ24',
        1730,
        1500,
        90,
        '01JET50F7WD7DKTJG7FHJBMZ2C'
    );

INSERT INTO
    walking_information (id, pedestrian_id)
VALUES
    (
        '01JET50F7WYVN9XRR493RW1Z0J',
        '01F8VYXK67BGC1F9RP1E4S9YAK'
    );

INSERT INTO
    walking_samples (
        id,
        is_converged,
        trajectory_id,
        walking_information_id
    )
VALUES
    (
        '01JET50F7WB35RATRV043ETP4G',
        TRUE,
        '01JET1DV4WJ2EP78B8HAKK5SP0',
        '01JET50F7WYVN9XRR493RW1Z0J'
    );

INSERT INTO
    estimated_positions (id, x, y, direction, walking_sample_id)
VALUES
    (
        '01JET50F7W7TQ3GRDD5GGHGP0D',
        1790,
        1500,
        90,
        '01JET50F7WB35RATRV043ETP4G'
    );

INSERT INTO
    walking_information (id, pedestrian_id)
VALUES
    (
        '01JET50F7WPA63VC3GJQ2YN01V',
        '01F8VYXK67BGC1F9RP1E4S9YAK'
    );

INSERT INTO
    walking_samples (
        id,
        is_converged,
        trajectory_id,
        walking_information_id
    )
VALUES
    (
        '01JET50F7WTJJ1GNDPTAHQKVW7',
        TRUE,
        '01JET1DV4WJ2EP78B8HAKK5SP0',
        '01JET50F7WPA63VC3GJQ2YN01V'
    );

INSERT INTO
    estimated_positions (id, x, y, direction, walking_sample_id)
VALUES
    (
        '01JET50F7WFH6ANYTQYKWP0EAS',
        1850,
        1500,
        90,
        '01JET50F7WTJJ1GNDPTAHQKVW7'
    );

INSERT INTO
    walking_information (id, pedestrian_id)
VALUES
    (
        '01JET50F7WDNB5811Y1NXYVG4G',
        '01F8VYXK67BGC1F9RP1E4S9YAK'
    );

INSERT INTO
    walking_samples (
        id,
        is_converged,
        trajectory_id,
        walking_information_id
    )
VALUES
    (
        '01JET50F7W5GJBMHJSJGS2HB2T',
        TRUE,
        '01JET1DV4WJ2EP78B8HAKK5SP0',
        '01JET50F7WDNB5811Y1NXYVG4G'
    );

INSERT INTO
    estimated_positions (id, x, y, direction, walking_sample_id)
VALUES
    (
        '01JET50F7WH0K1D4HM1AMD1XJ2',
        1910,
        1500,
        90,
        '01JET50F7W5GJBMHJSJGS2HB2T'
    );

INSERT INTO
    walking_information (id, pedestrian_id)
VALUES
    (
        '01JET50F7W7VV1JEYVWE63GDVX',
        '01F8VYXK67BGC1F9RP1E4S9YAK'
    );

INSERT INTO
    walking_samples (
        id,
        is_converged,
        trajectory_id,
        walking_information_id
    )
VALUES
    (
        '01JET50F7WRKJYNP7M2K2HKEKS',
        TRUE,
        '01JET1DV4WJ2EP78B8HAKK5SP0',
        '01JET50F7W7VV1JEYVWE63GDVX'
    );

INSERT INTO
    estimated_positions (id, x, y, direction, walking_sample_id)
VALUES
    (
        '01JET50F7WCMZNYDM7W1EJM35S',
        1970,
        1500,
        90,
        '01JET50F7WRKJYNP7M2K2HKEKS'
    );

INSERT INTO
    walking_information (id, pedestrian_id)
VALUES
    (
        '01JET50F7WCP54NFTYJ4NSET81',
        '01F8VYXK67BGC1F9RP1E4S9YAK'
    );

INSERT INTO
    walking_samples (
        id,
        is_converged,
        trajectory_id,
        walking_information_id
    )
VALUES
    (
        '01JET50F7WNCJH5YR1BC51PBK2',
        TRUE,
        '01JET1DV4WJ2EP78B8HAKK5SP0',
        '01JET50F7WCP54NFTYJ4NSET81'
    );

INSERT INTO
    estimated_positions (id, x, y, direction, walking_sample_id)
VALUES
    (
        '01JET50F7W5XBCY4KSC4DAWGED',
        2030,
        1500,
        90,
        '01JET50F7WNCJH5YR1BC51PBK2'
    );

INSERT INTO
    walking_information (id, pedestrian_id)
VALUES
    (
        '01JET50F7WJ1BBTT8PPMS3DZYC',
        '01F8VYXK67BGC1F9RP1E4S9YAK'
    );

INSERT INTO
    walking_samples (
        id,
        is_converged,
        trajectory_id,
        walking_information_id
    )
VALUES
    (
        '01JET50F7W0C7WW39V0YQZX69W',
        TRUE,
        '01JET1DV4WJ2EP78B8HAKK5SP0',
        '01JET50F7WJ1BBTT8PPMS3DZYC'
    );

INSERT INTO
    estimated_positions (id, x, y, direction, walking_sample_id)
VALUES
    (
        '01JET50F7WA4J1GPVF5M1DG5XD',
        2090,
        1500,
        90,
        '01JET50F7W0C7WW39V0YQZX69W'
    );

INSERT INTO
    walking_information (id, pedestrian_id)
VALUES
    (
        '01JET50F7WGF1GJD9N5TW2J1Q3',
        '01F8VYXK67BGC1F9RP1E4S9YAK'
    );

INSERT INTO
    walking_samples (
        id,
        is_converged,
        trajectory_id,
        walking_information_id
    )
VALUES
    (
        '01JET50F7WXRANTJ39BBYDN29X',
        TRUE,
        '01JET1DV4WJ2EP78B8HAKK5SP0',
        '01JET50F7WGF1GJD9N5TW2J1Q3'
    );

INSERT INTO
    estimated_positions (id, x, y, direction, walking_sample_id)
VALUES
    (
        '01JET50F7W40F018EMVBF29SSD',
        2150,
        1500,
        90,
        '01JET50F7WXRANTJ39BBYDN29X'
    );

INSERT INTO
    walking_information (id, pedestrian_id)
VALUES
    (
        '01JET50F7WN2N96EFYVYG342YH',
        '01F8VYXK67BGC1F9RP1E4S9YAK'
    );

INSERT INTO
    walking_samples (
        id,
        is_converged,
        trajectory_id,
        walking_information_id
    )
VALUES
    (
        '01JET50F7W670506TZEHGCK9X3',
        TRUE,
        '01JET1DV4WJ2EP78B8HAKK5SP0',
        '01JET50F7WN2N96EFYVYG342YH'
    );

INSERT INTO
    estimated_positions (id, x, y, direction, walking_sample_id)
VALUES
    (
        '01JET50F7W5W5QDZEW8AAYWWMJ',
        2210,
        1500,
        90,
        '01JET50F7W670506TZEHGCK9X3'
    );

INSERT INTO
    walking_information (id, pedestrian_id)
VALUES
    (
        '01JET50F7WW8JESZJY81TPKP97',
        '01F8VYXK67BGC1F9RP1E4S9YAK'
    );

INSERT INTO
    walking_samples (
        id,
        is_converged,
        trajectory_id,
        walking_information_id
    )
VALUES
    (
        '01JET50F7WKVZ143ZFGRZ6XTX6',
        TRUE,
        '01JET1DV4WJ2EP78B8HAKK5SP0',
        '01JET50F7WW8JESZJY81TPKP97'
    );

INSERT INTO
    estimated_positions (id, x, y, direction, walking_sample_id)
VALUES
    (
        '01JET50F7WFY36G4XB5XZXGSMH',
        2270,
        1500,
        90,
        '01JET50F7WKVZ143ZFGRZ6XTX6'
    );

INSERT INTO
    walking_information (id, pedestrian_id)
VALUES
    (
        '01JET50F7WB4THB0JJJY8F5M87',
        '01F8VYXK67BGC1F9RP1E4S9YAK'
    );

INSERT INTO
    walking_samples (
        id,
        is_converged,
        trajectory_id,
        walking_information_id
    )
VALUES
    (
        '01JET50F7WF5RPDJ4NVZZKEXMJ',
        TRUE,
        '01JET1DV4WJ2EP78B8HAKK5SP0',
        '01JET50F7WB4THB0JJJY8F5M87'
    );

INSERT INTO
    estimated_positions (id, x, y, direction, walking_sample_id)
VALUES
    (
        '01JET50F7W9MY37JYPKM41R85K',
        2330,
        1500,
        90,
        '01JET50F7WF5RPDJ4NVZZKEXMJ'
    );

INSERT INTO
    walking_information (id, pedestrian_id)
VALUES
    (
        '01JET50F7WMNQV4ASP3DDYXS63',
        '01F8VYXK67BGC1F9RP1E4S9YAK'
    );

INSERT INTO
    walking_samples (
        id,
        is_converged,
        trajectory_id,
        walking_information_id
    )
VALUES
    (
        '01JET50F7WNZMR6PSZVYPFVSD9',
        TRUE,
        '01JET1DV4WJ2EP78B8HAKK5SP0',
        '01JET50F7WMNQV4ASP3DDYXS63'
    );

INSERT INTO
    estimated_positions (id, x, y, direction, walking_sample_id)
VALUES
    (
        '01JET50F7WCM57RW0AA28TBQF9',
        2390,
        1500,
        90,
        '01JET50F7WNZMR6PSZVYPFVSD9'
    );

INSERT INTO
    walking_information (id, pedestrian_id)
VALUES
    (
        '01JET50F7WN6EXNVGNMVHVK91F',
        '01F8VYXK67BGC1F9RP1E4S9YAK'
    );

INSERT INTO
    walking_samples (
        id,
        is_converged,
        trajectory_id,
        walking_information_id
    )
VALUES
    (
        '01JET50F7WRTMNPMQEH7HHT5VJ',
        TRUE,
        '01JET1DV4WJ2EP78B8HAKK5SP0',
        '01JET50F7WN6EXNVGNMVHVK91F'
    );

INSERT INTO
    estimated_positions (id, x, y, direction, walking_sample_id)
VALUES
    (
        '01JET50F7W1MD6VDYH3VGC1V5N',
        2450,
        1500,
        90,
        '01JET50F7WRTMNPMQEH7HHT5VJ'
    );

INSERT INTO
    walking_information (id, pedestrian_id)
VALUES
    (
        '01JET50F7WX4Z04GT9D72HKNM6',
        '01F8VYXK67BGC1F9RP1E4S9YAK'
    );

INSERT INTO
    walking_samples (
        id,
        is_converged,
        trajectory_id,
        walking_information_id
    )
VALUES
    (
        '01JET50F7WEJ8HQZQMB28STM74',
        TRUE,
        '01JET1DV4WJ2EP78B8HAKK5SP0',
        '01JET50F7WX4Z04GT9D72HKNM6'
    );

INSERT INTO
    estimated_positions (id, x, y, direction, walking_sample_id)
VALUES
    (
        '01JET50F7WC98M5H77TPCZBQR2',
        2510,
        1500,
        90,
        '01JET50F7WEJ8HQZQMB28STM74'
    );

INSERT INTO
    walking_information (id, pedestrian_id)
VALUES
    (
        '01JET50F7WX9AR5SWK2QJFA5FT',
        '01F8VYXK67BGC1F9RP1E4S9YAK'
    );

INSERT INTO
    walking_samples (
        id,
        is_converged,
        trajectory_id,
        walking_information_id
    )
VALUES
    (
        '01JET50F7WEBP1SR32PY0PSGY3',
        TRUE,
        '01JET1DV4WJ2EP78B8HAKK5SP0',
        '01JET50F7WX9AR5SWK2QJFA5FT'
    );

INSERT INTO
    estimated_positions (id, x, y, direction, walking_sample_id)
VALUES
    (
        '01JET50F7WXBD33Y2ESSD2J85W',
        2570,
        1500,
        90,
        '01JET50F7WEBP1SR32PY0PSGY3'
    );

INSERT INTO
    walking_information (id, pedestrian_id)
VALUES
    (
        '01JET50F7W4T4WYX4BGFR3M65M',
        '01F8VYXK67BGC1F9RP1E4S9YAK'
    );

INSERT INTO
    walking_samples (
        id,
        is_converged,
        trajectory_id,
        walking_information_id
    )
VALUES
    (
        '01JET50F7WRESMB912N2HZR1RW',
        TRUE,
        '01JET1DV4WJ2EP78B8HAKK5SP0',
        '01JET50F7W4T4WYX4BGFR3M65M'
    );

INSERT INTO
    estimated_positions (id, x, y, direction, walking_sample_id)
VALUES
    (
        '01JET50F7WWKCZ4SNF8XB8A93Z',
        2630,
        1500,
        90,
        '01JET50F7WRESMB912N2HZR1RW'
    );

INSERT INTO
    walking_information (id, pedestrian_id)
VALUES
    (
        '01JET50F7WM9A8GH2ZR1YMR3PF',
        '01F8VYXK67BGC1F9RP1E4S9YAK'
    );

INSERT INTO
    walking_samples (
        id,
        is_converged,
        trajectory_id,
        walking_information_id
    )
VALUES
    (
        '01JET50F7WYH2BZFDBBGF78R73',
        TRUE,
        '01JET1DV4WJ2EP78B8HAKK5SP0',
        '01JET50F7WM9A8GH2ZR1YMR3PF'
    );

INSERT INTO
    estimated_positions (id, x, y, direction, walking_sample_id)
VALUES
    (
        '01JET50F7WBN45MNP9N0F2QW17',
        2650,
        1500,
        180,
        '01JET50F7WYH2BZFDBBGF78R73'
    );

INSERT INTO
    walking_information (id, pedestrian_id)
VALUES
    (
        '01JET50F7WSK943J9QT84EK8FF',
        '01F8VYXK67BGC1F9RP1E4S9YAK'
    );

INSERT INTO
    walking_samples (
        id,
        is_converged,
        trajectory_id,
        walking_information_id
    )
VALUES
    (
        '01JET50F7WJQMWJE7S3ZR8452Q',
        TRUE,
        '01JET1DV4WJ2EP78B8HAKK5SP0',
        '01JET50F7WSK943J9QT84EK8FF'
    );

INSERT INTO
    estimated_positions (id, x, y, direction, walking_sample_id)
VALUES
    (
        '01JET50F7WSBNMJXFS5MNVBA4D',
        2650,
        1500,
        180,
        '01JET50F7WJQMWJE7S3ZR8452Q'
    );

INSERT INTO
    walking_information (id, pedestrian_id)
VALUES
    (
        '01JET50F7WKHCMNWE8QEEMXGV1',
        '01F8VYXK67BGC1F9RP1E4S9YAK'
    );

INSERT INTO
    walking_samples (
        id,
        is_converged,
        trajectory_id,
        walking_information_id
    )
VALUES
    (
        '01JET50F7WWBPRQ756N6SFF7WN',
        TRUE,
        '01JET1DV4WJ2EP78B8HAKK5SP0',
        '01JET50F7WKHCMNWE8QEEMXGV1'
    );

INSERT INTO
    estimated_positions (id, x, y, direction, walking_sample_id)
VALUES
    (
        '01JET50F7W8WNGQQK6WVHG6JYP',
        2650,
        1560,
        180,
        '01JET50F7WWBPRQ756N6SFF7WN'
    );

INSERT INTO
    walking_information (id, pedestrian_id)
VALUES
    (
        '01JET50F7W251HKQXF6XYSC1Q1',
        '01F8VYXK67BGC1F9RP1E4S9YAK'
    );

INSERT INTO
    walking_samples (
        id,
        is_converged,
        trajectory_id,
        walking_information_id
    )
VALUES
    (
        '01JET50F7WTDJDSZXDSECQ5RRH',
        TRUE,
        '01JET1DV4WJ2EP78B8HAKK5SP0',
        '01JET50F7W251HKQXF6XYSC1Q1'
    );

INSERT INTO
    estimated_positions (id, x, y, direction, walking_sample_id)
VALUES
    (
        '01JET50F7WS5BR8CGB7TAAYP1G',
        2650,
        1620,
        180,
        '01JET50F7WTDJDSZXDSECQ5RRH'
    );

INSERT INTO
    walking_information (id, pedestrian_id)
VALUES
    (
        '01JET50F7WXXDFPQBH7V1KFXQ2',
        '01F8VYXK67BGC1F9RP1E4S9YAK'
    );

INSERT INTO
    walking_samples (
        id,
        is_converged,
        trajectory_id,
        walking_information_id
    )
VALUES
    (
        '01JET50F7WDAX6X5NK7WDH1DXR',
        TRUE,
        '01JET1DV4WJ2EP78B8HAKK5SP0',
        '01JET50F7WXXDFPQBH7V1KFXQ2'
    );

INSERT INTO
    estimated_positions (id, x, y, direction, walking_sample_id)
VALUES
    (
        '01JET50F7WQ18RY35QAKC5ST2S',
        2650,
        1680,
        180,
        '01JET50F7WDAX6X5NK7WDH1DXR'
    );

INSERT INTO
    walking_information (id, pedestrian_id)
VALUES
    (
        '01JET50F7WCVRR1YHRPDWXETM4',
        '01F8VYXK67BGC1F9RP1E4S9YAK'
    );

INSERT INTO
    walking_samples (
        id,
        is_converged,
        trajectory_id,
        walking_information_id
    )
VALUES
    (
        '01JET50F7W41PECC6KRMAQ1DH2',
        TRUE,
        '01JET1DV4WJ2EP78B8HAKK5SP0',
        '01JET50F7WCVRR1YHRPDWXETM4'
    );

INSERT INTO
    estimated_positions (id, x, y, direction, walking_sample_id)
VALUES
    (
        '01JET50F7W9S7EPDTBX32346AJ',
        2650,
        1740,
        180,
        '01JET50F7W41PECC6KRMAQ1DH2'
    );

INSERT INTO
    walking_information (id, pedestrian_id)
VALUES
    (
        '01JET50F7XXD9CRKPFC0KDETCJ',
        '01F8VYXK67BGC1F9RP1E4S9YAK'
    );

INSERT INTO
    walking_samples (
        id,
        is_converged,
        trajectory_id,
        walking_information_id
    )
VALUES
    (
        '01JET50F7XX6P5YHSCQJHQ998T',
        TRUE,
        '01JET1DV4WJ2EP78B8HAKK5SP0',
        '01JET50F7XXD9CRKPFC0KDETCJ'
    );

INSERT INTO
    estimated_positions (id, x, y, direction, walking_sample_id)
VALUES
    (
        '01JET50F7WH3KK8VZKHREGQPBC',
        2650,
        1800,
        180,
        '01JET50F7XX6P5YHSCQJHQ998T'
    );

INSERT INTO
    walking_information (id, pedestrian_id)
VALUES
    (
        '01JET50F7X1A711922K0WJV55M',
        '01F8VYXK67BGC1F9RP1E4S9YAK'
    );

INSERT INTO
    walking_samples (
        id,
        is_converged,
        trajectory_id,
        walking_information_id
    )
VALUES
    (
        '01JET50F7XW5KKAFE1CRK7RBCA',
        TRUE,
        '01JET1DV4WJ2EP78B8HAKK5SP0',
        '01JET50F7X1A711922K0WJV55M'
    );

INSERT INTO
    estimated_positions (id, x, y, direction, walking_sample_id)
VALUES
    (
        '01JET50F7XQ943EYN80B850VAP',
        2650,
        1860,
        180,
        '01JET50F7XW5KKAFE1CRK7RBCA'
    );

INSERT INTO
    walking_information (id, pedestrian_id)
VALUES
    (
        '01JET50F7XQFA23ZH0G2NX67QV',
        '01F8VYXK67BGC1F9RP1E4S9YAK'
    );

INSERT INTO
    walking_samples (
        id,
        is_converged,
        trajectory_id,
        walking_information_id
    )
VALUES
    (
        '01JET50F7X7NDKKZC6VXVZQ56A',
        TRUE,
        '01JET1DV4WJ2EP78B8HAKK5SP0',
        '01JET50F7XQFA23ZH0G2NX67QV'
    );

INSERT INTO
    estimated_positions (id, x, y, direction, walking_sample_id)
VALUES
    (
        '01JET50F7XHKRB78WZPGF3V7SC',
        2650,
        1920,
        180,
        '01JET50F7X7NDKKZC6VXVZQ56A'
    );

INSERT INTO
    walking_information (id, pedestrian_id)
VALUES
    (
        '01JET50F7X4HSV3ZQSFRW6XTES',
        '01F8VYXK67BGC1F9RP1E4S9YAK'
    );

INSERT INTO
    walking_samples (
        id,
        is_converged,
        trajectory_id,
        walking_information_id
    )
VALUES
    (
        '01JET50F7X3V1GTAD2RHW8659M',
        TRUE,
        '01JET1DV4WJ2EP78B8HAKK5SP0',
        '01JET50F7X4HSV3ZQSFRW6XTES'
    );

INSERT INTO
    estimated_positions (id, x, y, direction, walking_sample_id)
VALUES
    (
        '01JET50F7XEA9JM59HDZHN85Q9',
        2650,
        1980,
        180,
        '01JET50F7X3V1GTAD2RHW8659M'
    );

INSERT INTO
    walking_information (id, pedestrian_id)
VALUES
    (
        '01JET50F7XJSRH65FC4CK55BTZ',
        '01F8VYXK67BGC1F9RP1E4S9YAK'
    );

INSERT INTO
    walking_samples (
        id,
        is_converged,
        trajectory_id,
        walking_information_id
    )
VALUES
    (
        '01JET50F7X7PTPFZHKKM92FAWK',
        TRUE,
        '01JET1DV4WJ2EP78B8HAKK5SP0',
        '01JET50F7XJSRH65FC4CK55BTZ'
    );

INSERT INTO
    estimated_positions (id, x, y, direction, walking_sample_id)
VALUES
    (
        '01JET50F7XZQKDVD0AZ9J41MC3',
        2650,
        2040,
        180,
        '01JET50F7X7PTPFZHKKM92FAWK'
    );

INSERT INTO
    walking_information (id, pedestrian_id)
VALUES
    (
        '01JET50F7XB4E5PSSC7X6R31CK',
        '01F8VYXK67BGC1F9RP1E4S9YAK'
    );

INSERT INTO
    walking_samples (
        id,
        is_converged,
        trajectory_id,
        walking_information_id
    )
VALUES
    (
        '01JET50F7XPPAS1S1G3QS4QJSW',
        TRUE,
        '01JET1DV4WJ2EP78B8HAKK5SP0',
        '01JET50F7XB4E5PSSC7X6R31CK'
    );

INSERT INTO
    estimated_positions (id, x, y, direction, walking_sample_id)
VALUES
    (
        '01JET50F7XNNE68T3M1Q7G8D7Z',
        2650,
        2100,
        180,
        '01JET50F7XPPAS1S1G3QS4QJSW'
    );

INSERT INTO
    walking_information (id, pedestrian_id)
VALUES
    (
        '01JET50F7XE1VVGY2T8XJJ2JPB',
        '01F8VYXK67BGC1F9RP1E4S9YAK'
    );

INSERT INTO
    walking_samples (
        id,
        is_converged,
        trajectory_id,
        walking_information_id
    )
VALUES
    (
        '01JET50F7XPKYPRS89MYAQZDBF',
        TRUE,
        '01JET1DV4WJ2EP78B8HAKK5SP0',
        '01JET50F7XE1VVGY2T8XJJ2JPB'
    );

INSERT INTO
    estimated_positions (id, x, y, direction, walking_sample_id)
VALUES
    (
        '01JET50F7XXXW86TGK27X0TAV7',
        2650,
        2160,
        180,
        '01JET50F7XPKYPRS89MYAQZDBF'
    );

INSERT INTO
    walking_information (id, pedestrian_id)
VALUES
    (
        '01JET50F7XTY0ZWXYYPMGJNWCS',
        '01F8VYXK67BGC1F9RP1E4S9YAK'
    );

INSERT INTO
    walking_samples (
        id,
        is_converged,
        trajectory_id,
        walking_information_id
    )
VALUES
    (
        '01JET50F7XXA6G9WGFCQSNSWN4',
        TRUE,
        '01JET1DV4WJ2EP78B8HAKK5SP0',
        '01JET50F7XTY0ZWXYYPMGJNWCS'
    );

INSERT INTO
    estimated_positions (id, x, y, direction, walking_sample_id)
VALUES
    (
        '01JET50F7XQJW1RCEN3JAQFG1H',
        2650,
        2220,
        180,
        '01JET50F7XXA6G9WGFCQSNSWN4'
    );

INSERT INTO
    walking_information (id, pedestrian_id)
VALUES
    (
        '01JET50F7X0C78HV6BCRS27V9J',
        '01F8VYXK67BGC1F9RP1E4S9YAK'
    );

INSERT INTO
    walking_samples (
        id,
        is_converged,
        trajectory_id,
        walking_information_id
    )
VALUES
    (
        '01JET50F7XKK08WRRQE4PGG5GX',
        TRUE,
        '01JET1DV4WJ2EP78B8HAKK5SP0',
        '01JET50F7X0C78HV6BCRS27V9J'
    );

INSERT INTO
    estimated_positions (id, x, y, direction, walking_sample_id)
VALUES
    (
        '01JET50F7X3R2Y02X2SQA9XXEJ',
        2650,
        2280,
        180,
        '01JET50F7XKK08WRRQE4PGG5GX'
    );

INSERT INTO
    walking_information (id, pedestrian_id)
VALUES
    (
        '01JET50F7XDKB96DEAGV2YS87M',
        '01F8VYXK67BGC1F9RP1E4S9YAK'
    );

INSERT INTO
    walking_samples (
        id,
        is_converged,
        trajectory_id,
        walking_information_id
    )
VALUES
    (
        '01JET50F7X4ZMFBXS8XHTMMD8Q',
        TRUE,
        '01JET1DV4WJ2EP78B8HAKK5SP0',
        '01JET50F7XDKB96DEAGV2YS87M'
    );

INSERT INTO
    estimated_positions (id, x, y, direction, walking_sample_id)
VALUES
    (
        '01JET50F7X3Q3F625JZMBKT3JW',
        2650,
        2340,
        180,
        '01JET50F7X4ZMFBXS8XHTMMD8Q'
    );

INSERT INTO
    walking_information (id, pedestrian_id)
VALUES
    (
        '01JET50F7XDFSRVKE1WPB9AJP1',
        '01F8VYXK67BGC1F9RP1E4S9YAK'
    );

INSERT INTO
    walking_samples (
        id,
        is_converged,
        trajectory_id,
        walking_information_id
    )
VALUES
    (
        '01JET50F7XCFJYJTVPAMGK9KRN',
        TRUE,
        '01JET1DV4WJ2EP78B8HAKK5SP0',
        '01JET50F7XDFSRVKE1WPB9AJP1'
    );

INSERT INTO
    estimated_positions (id, x, y, direction, walking_sample_id)
VALUES
    (
        '01JET50F7X1VZHERW2WN7RZH80',
        2650,
        2400,
        180,
        '01JET50F7XCFJYJTVPAMGK9KRN'
    );

INSERT INTO
    walking_information (id, pedestrian_id)
VALUES
    (
        '01JET50F7XG7D4JMTJ2RPR5MF2',
        '01F8VYXK67BGC1F9RP1E4S9YAK'
    );

INSERT INTO
    walking_samples (
        id,
        is_converged,
        trajectory_id,
        walking_information_id
    )
VALUES
    (
        '01JET50F7XYPJPXSAB0Q8CBQBV',
        TRUE,
        '01JET1DV4WJ2EP78B8HAKK5SP0',
        '01JET50F7XG7D4JMTJ2RPR5MF2'
    );

INSERT INTO
    estimated_positions (id, x, y, direction, walking_sample_id)
VALUES
    (
        '01JET50F7XTS01DT1JE9VR7JN3',
        2650,
        2460,
        180,
        '01JET50F7XYPJPXSAB0Q8CBQBV'
    );

INSERT INTO
    walking_information (id, pedestrian_id)
VALUES
    (
        '01JET50F7XHFPKJ59DKFWV83GW',
        '01F8VYXK67BGC1F9RP1E4S9YAK'
    );

INSERT INTO
    walking_samples (
        id,
        is_converged,
        trajectory_id,
        walking_information_id
    )
VALUES
    (
        '01JET50F7XNSEHD8C9SFRME9QQ',
        TRUE,
        '01JET1DV4WJ2EP78B8HAKK5SP0',
        '01JET50F7XHFPKJ59DKFWV83GW'
    );

INSERT INTO
    estimated_positions (id, x, y, direction, walking_sample_id)
VALUES
    (
        '01JET50F7XAYP1FHKHN1CA96G1',
        2650,
        2520,
        180,
        '01JET50F7XNSEHD8C9SFRME9QQ'
    );

INSERT INTO
    walking_information (id, pedestrian_id)
VALUES
    (
        '01JET50F7XHSPPXPS54ZJ6VHY5',
        '01F8VYXK67BGC1F9RP1E4S9YAK'
    );

INSERT INTO
    walking_samples (
        id,
        is_converged,
        trajectory_id,
        walking_information_id
    )
VALUES
    (
        '01JET50F7XAWTH6M4Y7TAB4V78',
        TRUE,
        '01JET1DV4WJ2EP78B8HAKK5SP0',
        '01JET50F7XHSPPXPS54ZJ6VHY5'
    );

INSERT INTO
    estimated_positions (id, x, y, direction, walking_sample_id)
VALUES
    (
        '01JET50F7XW5432KSB02CNWRJ1',
        2650,
        2580,
        180,
        '01JET50F7XAWTH6M4Y7TAB4V78'
    );

INSERT INTO
    walking_information (id, pedestrian_id)
VALUES
    (
        '01JET50F7XK1CM777FCCRAKRXM',
        '01F8VYXK67BGC1F9RP1E4S9YAK'
    );

INSERT INTO
    walking_samples (
        id,
        is_converged,
        trajectory_id,
        walking_information_id
    )
VALUES
    (
        '01JET50F7XQ4JEEAAP0MYFGYD1',
        TRUE,
        '01JET1DV4WJ2EP78B8HAKK5SP0',
        '01JET50F7XK1CM777FCCRAKRXM'
    );

INSERT INTO
    estimated_positions (id, x, y, direction, walking_sample_id)
VALUES
    (
        '01JET50F7X55ZD0J0ZTHX796T7',
        2650,
        2640,
        180,
        '01JET50F7XQ4JEEAAP0MYFGYD1'
    );

INSERT INTO
    walking_information (id, pedestrian_id)
VALUES
    (
        '01JET50F7XAY8DSPAF29BJWZHX',
        '01F8VYXK67BGC1F9RP1E4S9YAK'
    );

INSERT INTO
    walking_samples (
        id,
        is_converged,
        trajectory_id,
        walking_information_id
    )
VALUES
    (
        '01JET50F7XFDJZNZX9A9WFMFMD',
        TRUE,
        '01JET1DV4WJ2EP78B8HAKK5SP0',
        '01JET50F7XAY8DSPAF29BJWZHX'
    );

INSERT INTO
    estimated_positions (id, x, y, direction, walking_sample_id)
VALUES
    (
        '01JET50F7XFAQKAF9N165A57QX',
        2650,
        2700,
        270,
        '01JET50F7XFDJZNZX9A9WFMFMD'
    );

INSERT INTO
    walking_information (id, pedestrian_id)
VALUES
    (
        '01JET50F7XFK75PPHJVQB0K3E4',
        '01F8VYXK67BGC1F9RP1E4S9YAK'
    );

INSERT INTO
    walking_samples (
        id,
        is_converged,
        trajectory_id,
        walking_information_id
    )
VALUES
    (
        '01JET50F7XRQPAEER2P2QFAZZK',
        TRUE,
        '01JET1DV4WJ2EP78B8HAKK5SP0',
        '01JET50F7XFK75PPHJVQB0K3E4'
    );

INSERT INTO
    estimated_positions (id, x, y, direction, walking_sample_id)
VALUES
    (
        '01JET50F7XBQHDCEWGPFJ0KM97',
        2650,
        2700,
        270,
        '01JET50F7XRQPAEER2P2QFAZZK'
    );

INSERT INTO
    walking_information (id, pedestrian_id)
VALUES
    (
        '01JET50F7XCXAEJB9WKCMC9SG4',
        '01F8VYXK67BGC1F9RP1E4S9YAK'
    );

INSERT INTO
    walking_samples (
        id,
        is_converged,
        trajectory_id,
        walking_information_id
    )
VALUES
    (
        '01JET50F7XM8Y1G9RGMH8A12SY',
        TRUE,
        '01JET1DV4WJ2EP78B8HAKK5SP0',
        '01JET50F7XCXAEJB9WKCMC9SG4'
    );

INSERT INTO
    estimated_positions (id, x, y, direction, walking_sample_id)
VALUES
    (
        '01JET50F7XSJTZBP2DHPQ1A3XX',
        2590,
        2700,
        270,
        '01JET50F7XM8Y1G9RGMH8A12SY'
    );

INSERT INTO
    walking_information (id, pedestrian_id)
VALUES
    (
        '01JET50F7XSWF4NDNC2SZ6WN1T',
        '01F8VYXK67BGC1F9RP1E4S9YAK'
    );

INSERT INTO
    walking_samples (
        id,
        is_converged,
        trajectory_id,
        walking_information_id
    )
VALUES
    (
        '01JET50F7XM57M20RCM81S6942',
        TRUE,
        '01JET1DV4WJ2EP78B8HAKK5SP0',
        '01JET50F7XSWF4NDNC2SZ6WN1T'
    );

INSERT INTO
    estimated_positions (id, x, y, direction, walking_sample_id)
VALUES
    (
        '01JET50F7XG4MJJHS7QJSFEYV3',
        2530,
        2700,
        270,
        '01JET50F7XM57M20RCM81S6942'
    );

INSERT INTO
    walking_information (id, pedestrian_id)
VALUES
    (
        '01JET50F7XCC6QZ128TJDE8K0E',
        '01F8VYXK67BGC1F9RP1E4S9YAK'
    );

INSERT INTO
    walking_samples (
        id,
        is_converged,
        trajectory_id,
        walking_information_id
    )
VALUES
    (
        '01JET50F7X3P7DEGPGQ1BETF0N',
        TRUE,
        '01JET1DV4WJ2EP78B8HAKK5SP0',
        '01JET50F7XCC6QZ128TJDE8K0E'
    );

INSERT INTO
    estimated_positions (id, x, y, direction, walking_sample_id)
VALUES
    (
        '01JET50F7X3CX2HT8F71QSKVTF',
        2470,
        2700,
        270,
        '01JET50F7X3P7DEGPGQ1BETF0N'
    );

INSERT INTO
    walking_information (id, pedestrian_id)
VALUES
    (
        '01JET50F7X7QBKS8JS5X8GWGBV',
        '01F8VYXK67BGC1F9RP1E4S9YAK'
    );

INSERT INTO
    walking_samples (
        id,
        is_converged,
        trajectory_id,
        walking_information_id
    )
VALUES
    (
        '01JET50F7XT0H9FB9CW81TMWBX',
        TRUE,
        '01JET1DV4WJ2EP78B8HAKK5SP0',
        '01JET50F7X7QBKS8JS5X8GWGBV'
    );

INSERT INTO
    estimated_positions (id, x, y, direction, walking_sample_id)
VALUES
    (
        '01JET50F7X7R4YDR0D4BJ7CXZK',
        2410,
        2700,
        270,
        '01JET50F7XT0H9FB9CW81TMWBX'
    );

INSERT INTO
    walking_information (id, pedestrian_id)
VALUES
    (
        '01JET50F7X0Q7R7CWKMVE7VQ2Y',
        '01F8VYXK67BGC1F9RP1E4S9YAK'
    );

INSERT INTO
    walking_samples (
        id,
        is_converged,
        trajectory_id,
        walking_information_id
    )
VALUES
    (
        '01JET50F7XA3ZZMDZPHFMQ80EK',
        TRUE,
        '01JET1DV4WJ2EP78B8HAKK5SP0',
        '01JET50F7X0Q7R7CWKMVE7VQ2Y'
    );

INSERT INTO
    estimated_positions (id, x, y, direction, walking_sample_id)
VALUES
    (
        '01JET50F7XYM73N4C77MAWVRWH',
        2350,
        2700,
        270,
        '01JET50F7XA3ZZMDZPHFMQ80EK'
    );

INSERT INTO
    walking_information (id, pedestrian_id)
VALUES
    (
        '01JET50F7X9T9Z94ZWY5EN4ZAZ',
        '01F8VYXK67BGC1F9RP1E4S9YAK'
    );

INSERT INTO
    walking_samples (
        id,
        is_converged,
        trajectory_id,
        walking_information_id
    )
VALUES
    (
        '01JET50F7X39VV2EGJWZHX6R0M',
        TRUE,
        '01JET1DV4WJ2EP78B8HAKK5SP0',
        '01JET50F7X9T9Z94ZWY5EN4ZAZ'
    );

INSERT INTO
    estimated_positions (id, x, y, direction, walking_sample_id)
VALUES
    (
        '01JET50F7XEN3M2R7CX21JYCXE',
        2290,
        2700,
        270,
        '01JET50F7X39VV2EGJWZHX6R0M'
    );

INSERT INTO
    walking_information (id, pedestrian_id)
VALUES
    (
        '01JET50F7X7MRWK27M7WKH46TD',
        '01F8VYXK67BGC1F9RP1E4S9YAK'
    );

INSERT INTO
    walking_samples (
        id,
        is_converged,
        trajectory_id,
        walking_information_id
    )
VALUES
    (
        '01JET50F7X3JH7E8KX8GA2DVFR',
        TRUE,
        '01JET1DV4WJ2EP78B8HAKK5SP0',
        '01JET50F7X7MRWK27M7WKH46TD'
    );

INSERT INTO
    estimated_positions (id, x, y, direction, walking_sample_id)
VALUES
    (
        '01JET50F7XNH4PSEVB0EY11Q24',
        2230,
        2700,
        270,
        '01JET50F7X3JH7E8KX8GA2DVFR'
    );

INSERT INTO
    walking_information (id, pedestrian_id)
VALUES
    (
        '01JET50F7XHDZWMZ2VB4DZKXAF',
        '01F8VYXK67BGC1F9RP1E4S9YAK'
    );

INSERT INTO
    walking_samples (
        id,
        is_converged,
        trajectory_id,
        walking_information_id
    )
VALUES
    (
        '01JET50F7XKM30S0EHVSE4DC8E',
        TRUE,
        '01JET1DV4WJ2EP78B8HAKK5SP0',
        '01JET50F7XHDZWMZ2VB4DZKXAF'
    );

INSERT INTO
    estimated_positions (id, x, y, direction, walking_sample_id)
VALUES
    (
        '01JET50F7XEAAB6FTJ2JNS48ZM',
        2170,
        2700,
        270,
        '01JET50F7XKM30S0EHVSE4DC8E'
    );

INSERT INTO
    walking_information (id, pedestrian_id)
VALUES
    (
        '01JET50F7XK639N6M7RB10P503',
        '01F8VYXK67BGC1F9RP1E4S9YAK'
    );

INSERT INTO
    walking_samples (
        id,
        is_converged,
        trajectory_id,
        walking_information_id
    )
VALUES
    (
        '01JET50F7X2JZHYAAYHDTGP7CR',
        TRUE,
        '01JET1DV4WJ2EP78B8HAKK5SP0',
        '01JET50F7XK639N6M7RB10P503'
    );

INSERT INTO
    estimated_positions (id, x, y, direction, walking_sample_id)
VALUES
    (
        '01JET50F7X2CDV8JT8ND3Q9F6M',
        2110,
        2700,
        270,
        '01JET50F7X2JZHYAAYHDTGP7CR'
    );

INSERT INTO
    walking_information (id, pedestrian_id)
VALUES
    (
        '01JET50F7XGM5HG67ANG1XD35Y',
        '01F8VYXK67BGC1F9RP1E4S9YAK'
    );

INSERT INTO
    walking_samples (
        id,
        is_converged,
        trajectory_id,
        walking_information_id
    )
VALUES
    (
        '01JET50F7XV6H4B26D1CQAFZGK',
        TRUE,
        '01JET1DV4WJ2EP78B8HAKK5SP0',
        '01JET50F7XGM5HG67ANG1XD35Y'
    );

INSERT INTO
    estimated_positions (id, x, y, direction, walking_sample_id)
VALUES
    (
        '01JET50F7XMNRB7CE5CAPSB8NA',
        2050,
        2700,
        270,
        '01JET50F7XV6H4B26D1CQAFZGK'
    );

INSERT INTO
    walking_information (id, pedestrian_id)
VALUES
    (
        '01JET50F7XBTVAG34MDA6RBKC0',
        '01F8VYXK67BGC1F9RP1E4S9YAK'
    );

INSERT INTO
    walking_samples (
        id,
        is_converged,
        trajectory_id,
        walking_information_id
    )
VALUES
    (
        '01JET50F7XZ6H8SVNM4WB0CF5A',
        TRUE,
        '01JET1DV4WJ2EP78B8HAKK5SP0',
        '01JET50F7XBTVAG34MDA6RBKC0'
    );

INSERT INTO
    estimated_positions (id, x, y, direction, walking_sample_id)
VALUES
    (
        '01JET50F7X81K4AYQGMJW17ZDZ',
        1990,
        2700,
        270,
        '01JET50F7XZ6H8SVNM4WB0CF5A'
    );

INSERT INTO
    walking_information (id, pedestrian_id)
VALUES
    (
        '01JET50F7XDQDQAXVXEY0G0GRS',
        '01F8VYXK67BGC1F9RP1E4S9YAK'
    );

INSERT INTO
    walking_samples (
        id,
        is_converged,
        trajectory_id,
        walking_information_id
    )
VALUES
    (
        '01JET50F7XJDMKEGXKXS577ENM',
        TRUE,
        '01JET1DV4WJ2EP78B8HAKK5SP0',
        '01JET50F7XDQDQAXVXEY0G0GRS'
    );

INSERT INTO
    estimated_positions (id, x, y, direction, walking_sample_id)
VALUES
    (
        '01JET50F7XPHYFR1E64P22YTF2',
        1930,
        2700,
        270,
        '01JET50F7XJDMKEGXKXS577ENM'
    );

INSERT INTO
    walking_information (id, pedestrian_id)
VALUES
    (
        '01JET50F7XHXK6HTCGMSBR9PR8',
        '01F8VYXK67BGC1F9RP1E4S9YAK'
    );

INSERT INTO
    walking_samples (
        id,
        is_converged,
        trajectory_id,
        walking_information_id
    )
VALUES
    (
        '01JET50F7X7RJ0WRK1VFQNP2AX',
        TRUE,
        '01JET1DV4WJ2EP78B8HAKK5SP0',
        '01JET50F7XHXK6HTCGMSBR9PR8'
    );

INSERT INTO
    estimated_positions (id, x, y, direction, walking_sample_id)
VALUES
    (
        '01JET50F7XM49GBHPPMC4CS5TB',
        1870,
        2700,
        270,
        '01JET50F7X7RJ0WRK1VFQNP2AX'
    );

INSERT INTO
    walking_information (id, pedestrian_id)
VALUES
    (
        '01JET50F7X3KQJZ9A1XAD09635',
        '01F8VYXK67BGC1F9RP1E4S9YAK'
    );

INSERT INTO
    walking_samples (
        id,
        is_converged,
        trajectory_id,
        walking_information_id
    )
VALUES
    (
        '01JET50F7X1BBM9R3GFPBSN2PZ',
        TRUE,
        '01JET1DV4WJ2EP78B8HAKK5SP0',
        '01JET50F7X3KQJZ9A1XAD09635'
    );

INSERT INTO
    estimated_positions (id, x, y, direction, walking_sample_id)
VALUES
    (
        '01JET50F7X3A6X8HY44PTHQNRA',
        1810,
        2700,
        270,
        '01JET50F7X1BBM9R3GFPBSN2PZ'
    );

INSERT INTO
    walking_information (id, pedestrian_id)
VALUES
    (
        '01JET50F7X13WDQ4BHKVAHGVBA',
        '01F8VYXK67BGC1F9RP1E4S9YAK'
    );

INSERT INTO
    walking_samples (
        id,
        is_converged,
        trajectory_id,
        walking_information_id
    )
VALUES
    (
        '01JET50F7XQA17J7B7G7QBXWFC',
        TRUE,
        '01JET1DV4WJ2EP78B8HAKK5SP0',
        '01JET50F7X13WDQ4BHKVAHGVBA'
    );

INSERT INTO
    estimated_positions (id, x, y, direction, walking_sample_id)
VALUES
    (
        '01JET50F7XY0H3AKJ444SB4HVQ',
        1750,
        2700,
        270,
        '01JET50F7XQA17J7B7G7QBXWFC'
    );

INSERT INTO
    walking_information (id, pedestrian_id)
VALUES
    (
        '01JET50F7XKX5WQ5X011MWT3T3',
        '01F8VYXK67BGC1F9RP1E4S9YAK'
    );

INSERT INTO
    walking_samples (
        id,
        is_converged,
        trajectory_id,
        walking_information_id
    )
VALUES
    (
        '01JET50F7XEYJYARXEFJVGGF8G',
        TRUE,
        '01JET1DV4WJ2EP78B8HAKK5SP0',
        '01JET50F7XKX5WQ5X011MWT3T3'
    );

INSERT INTO
    estimated_positions (id, x, y, direction, walking_sample_id)
VALUES
    (
        '01JET50F7XBG3DA9HTEZWS0MYK',
        1690,
        2700,
        270,
        '01JET50F7XEYJYARXEFJVGGF8G'
    );

INSERT INTO
    walking_information (id, pedestrian_id)
VALUES
    (
        '01JET50F7X48YPGV40MKK34K9D',
        '01F8VYXK67BGC1F9RP1E4S9YAK'
    );

INSERT INTO
    walking_samples (
        id,
        is_converged,
        trajectory_id,
        walking_information_id
    )
VALUES
    (
        '01JET50F7XYYZC7HZF4HJFBNT2',
        TRUE,
        '01JET1DV4WJ2EP78B8HAKK5SP0',
        '01JET50F7X48YPGV40MKK34K9D'
    );

INSERT INTO
    estimated_positions (id, x, y, direction, walking_sample_id)
VALUES
    (
        '01JET50F7XMWBQNCYMWJ12KAV1',
        1630,
        2700,
        270,
        '01JET50F7XYYZC7HZF4HJFBNT2'
    );

INSERT INTO
    walking_information (id, pedestrian_id)
VALUES
    (
        '01JET50F7XSTBWK1RJ9KMTYXFP',
        '01F8VYXK67BGC1F9RP1E4S9YAK'
    );

INSERT INTO
    walking_samples (
        id,
        is_converged,
        trajectory_id,
        walking_information_id
    )
VALUES
    (
        '01JET50F7XS7VRE532HED6WJZC',
        TRUE,
        '01JET1DV4WJ2EP78B8HAKK5SP0',
        '01JET50F7XSTBWK1RJ9KMTYXFP'
    );

INSERT INTO
    estimated_positions (id, x, y, direction, walking_sample_id)
VALUES
    (
        '01JET50F7X0NAQ48Z4PAM3G381',
        1570,
        2700,
        270,
        '01JET50F7XS7VRE532HED6WJZC'
    );

INSERT INTO
    walking_information (id, pedestrian_id)
VALUES
    (
        '01JET50F7XBXCTN9QBXVVZTMFE',
        '01F8VYXK67BGC1F9RP1E4S9YAK'
    );

INSERT INTO
    walking_samples (
        id,
        is_converged,
        trajectory_id,
        walking_information_id
    )
VALUES
    (
        '01JET50F7XEM4G78YH3X1AVDCQ',
        TRUE,
        '01JET1DV4WJ2EP78B8HAKK5SP0',
        '01JET50F7XBXCTN9QBXVVZTMFE'
    );

INSERT INTO
    estimated_positions (id, x, y, direction, walking_sample_id)
VALUES
    (
        '01JET50F7XKM1KW92PQB00T39S',
        1510,
        2700,
        270,
        '01JET50F7XEM4G78YH3X1AVDCQ'
    );

INSERT INTO
    walking_information (id, pedestrian_id)
VALUES
    (
        '01JET50F7XM069SHGRKAYMG64W',
        '01F8VYXK67BGC1F9RP1E4S9YAK'
    );

INSERT INTO
    walking_samples (
        id,
        is_converged,
        trajectory_id,
        walking_information_id
    )
VALUES
    (
        '01JET50F7XZ4M1EME5SS6D8YXP',
        TRUE,
        '01JET1DV4WJ2EP78B8HAKK5SP0',
        '01JET50F7XM069SHGRKAYMG64W'
    );

INSERT INTO
    estimated_positions (id, x, y, direction, walking_sample_id)
VALUES
    (
        '01JET50F7XHXEY3TXT2E6H29XW',
        1450,
        2700,
        270,
        '01JET50F7XZ4M1EME5SS6D8YXP'
    );

INSERT INTO
    walking_information (id, pedestrian_id)
VALUES
    (
        '01JET50F7XEASKTMX645M9CZJH',
        '01F8VYXK67BGC1F9RP1E4S9YAK'
    );

INSERT INTO
    walking_samples (
        id,
        is_converged,
        trajectory_id,
        walking_information_id
    )
VALUES
    (
        '01JET50F7X4H9MD2D1EPHFQWRB',
        TRUE,
        '01JET1DV4WJ2EP78B8HAKK5SP0',
        '01JET50F7XEASKTMX645M9CZJH'
    );

INSERT INTO
    estimated_positions (id, x, y, direction, walking_sample_id)
VALUES
    (
        '01JET50F7XBAFY7EABCEK4S5DD',
        1390,
        2700,
        270,
        '01JET50F7X4H9MD2D1EPHFQWRB'
    );

INSERT INTO
    walking_information (id, pedestrian_id)
VALUES
    (
        '01JET50F7X5PQTMJ7B6HVJ0WVT',
        '01F8VYXK67BGC1F9RP1E4S9YAK'
    );

INSERT INTO
    walking_samples (
        id,
        is_converged,
        trajectory_id,
        walking_information_id
    )
VALUES
    (
        '01JET50F7XMJS78T9SB8GJWAKW',
        TRUE,
        '01JET1DV4WJ2EP78B8HAKK5SP0',
        '01JET50F7X5PQTMJ7B6HVJ0WVT'
    );

INSERT INTO
    estimated_positions (id, x, y, direction, walking_sample_id)
VALUES
    (
        '01JET50F7XW74B9Z7DJRH2X0Z8',
        1330,
        2700,
        270,
        '01JET50F7XMJS78T9SB8GJWAKW'
    );

INSERT INTO
    walking_information (id, pedestrian_id)
VALUES
    (
        '01JET50F7XPRT2SHG3X8BHDHWH',
        '01F8VYXK67BGC1F9RP1E4S9YAK'
    );

INSERT INTO
    walking_samples (
        id,
        is_converged,
        trajectory_id,
        walking_information_id
    )
VALUES
    (
        '01JET50F7XFMGBH9JVY27M551V',
        TRUE,
        '01JET1DV4WJ2EP78B8HAKK5SP0',
        '01JET50F7XPRT2SHG3X8BHDHWH'
    );

INSERT INTO
    estimated_positions (id, x, y, direction, walking_sample_id)
VALUES
    (
        '01JET50F7XDYERNKRYCV8EJQ5S',
        1270,
        2700,
        270,
        '01JET50F7XFMGBH9JVY27M551V'
    );

INSERT INTO
    walking_information (id, pedestrian_id)
VALUES
    (
        '01JET50F7XXXKKGSVZH0ADV9GM',
        '01F8VYXK67BGC1F9RP1E4S9YAK'
    );

INSERT INTO
    walking_samples (
        id,
        is_converged,
        trajectory_id,
        walking_information_id
    )
VALUES
    (
        '01JET50F7X6MBQ403RP0B76WKQ',
        TRUE,
        '01JET1DV4WJ2EP78B8HAKK5SP0',
        '01JET50F7XXXKKGSVZH0ADV9GM'
    );

INSERT INTO
    estimated_positions (id, x, y, direction, walking_sample_id)
VALUES
    (
        '01JET50F7X0FX6S9C1XTQA3RT7',
        1210,
        2700,
        270,
        '01JET50F7X6MBQ403RP0B76WKQ'
    );

INSERT INTO
    walking_information (id, pedestrian_id)
VALUES
    (
        '01JET50F7X0DTQXK2KT71FVS3J',
        '01F8VYXK67BGC1F9RP1E4S9YAK'
    );

INSERT INTO
    walking_samples (
        id,
        is_converged,
        trajectory_id,
        walking_information_id
    )
VALUES
    (
        '01JET50F7XC70QSXWJEV381B9V',
        TRUE,
        '01JET1DV4WJ2EP78B8HAKK5SP0',
        '01JET50F7X0DTQXK2KT71FVS3J'
    );

INSERT INTO
    estimated_positions (id, x, y, direction, walking_sample_id)
VALUES
    (
        '01JET50F7X05RWNXZAP0710AN3',
        1150,
        2700,
        270,
        '01JET50F7XC70QSXWJEV381B9V'
    );

INSERT INTO
    walking_information (id, pedestrian_id)
VALUES
    (
        '01JET50F7X178ZGHCD3PHMAJQZ',
        '01F8VYXK67BGC1F9RP1E4S9YAK'
    );

INSERT INTO
    walking_samples (
        id,
        is_converged,
        trajectory_id,
        walking_information_id
    )
VALUES
    (
        '01JET50F7XRYA0F7YK4J9MCFYT',
        TRUE,
        '01JET1DV4WJ2EP78B8HAKK5SP0',
        '01JET50F7X178ZGHCD3PHMAJQZ'
    );

INSERT INTO
    estimated_positions (id, x, y, direction, walking_sample_id)
VALUES
    (
        '01JET50F7XN9AJJ2NBRF5X6PXH',
        1090,
        2700,
        270,
        '01JET50F7XRYA0F7YK4J9MCFYT'
    );

INSERT INTO
    walking_information (id, pedestrian_id)
VALUES
    (
        '01JET50F7X070RY3K5X9KPFFDS',
        '01F8VYXK67BGC1F9RP1E4S9YAK'
    );

INSERT INTO
    walking_samples (
        id,
        is_converged,
        trajectory_id,
        walking_information_id
    )
VALUES
    (
        '01JET50F7XFE7YTBGNTX9WYJWB',
        TRUE,
        '01JET1DV4WJ2EP78B8HAKK5SP0',
        '01JET50F7X070RY3K5X9KPFFDS'
    );

INSERT INTO
    estimated_positions (id, x, y, direction, walking_sample_id)
VALUES
    (
        '01JET50F7XTXJV17TYW3R2J0MB',
        1030,
        2700,
        270,
        '01JET50F7XFE7YTBGNTX9WYJWB'
    );

INSERT INTO
    walking_information (id, pedestrian_id)
VALUES
    (
        '01JET50F7X86NBQS59HWSG6KBF',
        '01F8VYXK67BGC1F9RP1E4S9YAK'
    );

INSERT INTO
    walking_samples (
        id,
        is_converged,
        trajectory_id,
        walking_information_id
    )
VALUES
    (
        '01JET50F7XMCHN69Q15NMZTYQT',
        TRUE,
        '01JET1DV4WJ2EP78B8HAKK5SP0',
        '01JET50F7X86NBQS59HWSG6KBF'
    );

INSERT INTO
    estimated_positions (id, x, y, direction, walking_sample_id)
VALUES
    (
        '01JET50F7X6ZNSABRY1YXSVVXW',
        970,
        2700,
        270,
        '01JET50F7XMCHN69Q15NMZTYQT'
    );

INSERT INTO
    walking_information (id, pedestrian_id)
VALUES
    (
        '01JET50F7X576V7MN5DB7GK664',
        '01F8VYXK67BGC1F9RP1E4S9YAK'
    );

INSERT INTO
    walking_samples (
        id,
        is_converged,
        trajectory_id,
        walking_information_id
    )
VALUES
    (
        '01JET50F7XXA7S769XQE4EHMQ2',
        TRUE,
        '01JET1DV4WJ2EP78B8HAKK5SP0',
        '01JET50F7X576V7MN5DB7GK664'
    );

INSERT INTO
    estimated_positions (id, x, y, direction, walking_sample_id)
VALUES
    (
        '01JET50F7XAQMGB45X86H6SBWH',
        910,
        2700,
        270,
        '01JET50F7XXA7S769XQE4EHMQ2'
    );

INSERT INTO
    walking_information (id, pedestrian_id)
VALUES
    (
        '01JET50F7X16ZS0R0BB009ARJ5',
        '01F8VYXK67BGC1F9RP1E4S9YAK'
    );

INSERT INTO
    walking_samples (
        id,
        is_converged,
        trajectory_id,
        walking_information_id
    )
VALUES
    (
        '01JET50F7XE1TMSXKR23EWS5F3',
        TRUE,
        '01JET1DV4WJ2EP78B8HAKK5SP0',
        '01JET50F7X16ZS0R0BB009ARJ5'
    );

INSERT INTO
    estimated_positions (id, x, y, direction, walking_sample_id)
VALUES
    (
        '01JET50F7XGM0JB5T9YZGRJTJJ',
        850,
        2700,
        270,
        '01JET50F7XE1TMSXKR23EWS5F3'
    );

INSERT INTO
    walking_information (id, pedestrian_id)
VALUES
    (
        '01JET50F7XQ4P5ZAGEHKEWZAD1',
        '01F8VYXK67BGC1F9RP1E4S9YAK'
    );

INSERT INTO
    walking_samples (
        id,
        is_converged,
        trajectory_id,
        walking_information_id
    )
VALUES
    (
        '01JET50F7XR82YWN2BASK8X73Q',
        TRUE,
        '01JET1DV4WJ2EP78B8HAKK5SP0',
        '01JET50F7XQ4P5ZAGEHKEWZAD1'
    );

INSERT INTO
    estimated_positions (id, x, y, direction, walking_sample_id)
VALUES
    (
        '01JET50F7XT6S4VGR2ZDGR3H8P',
        790,
        2700,
        270,
        '01JET50F7XR82YWN2BASK8X73Q'
    );

INSERT INTO
    walking_information (id, pedestrian_id)
VALUES
    (
        '01JET50F7XGEBNQ15RABCA3XHW',
        '01F8VYXK67BGC1F9RP1E4S9YAK'
    );

INSERT INTO
    walking_samples (
        id,
        is_converged,
        trajectory_id,
        walking_information_id
    )
VALUES
    (
        '01JET50F7XY27WGHDWS45X5TXQ',
        TRUE,
        '01JET1DV4WJ2EP78B8HAKK5SP0',
        '01JET50F7XGEBNQ15RABCA3XHW'
    );

INSERT INTO
    estimated_positions (id, x, y, direction, walking_sample_id)
VALUES
    (
        '01JET50F7XJ8AP3NP8ZBT69B4R',
        730,
        2700,
        270,
        '01JET50F7XY27WGHDWS45X5TXQ'
    );

INSERT INTO
    walking_information (id, pedestrian_id)
VALUES
    (
        '01JET50F7X88Z2HMF4GPASXVEK',
        '01F8VYXK67BGC1F9RP1E4S9YAK'
    );

INSERT INTO
    walking_samples (
        id,
        is_converged,
        trajectory_id,
        walking_information_id
    )
VALUES
    (
        '01JET50F7XQ9CPYFHBQNGR1XTW',
        TRUE,
        '01JET1DV4WJ2EP78B8HAKK5SP0',
        '01JET50F7X88Z2HMF4GPASXVEK'
    );

INSERT INTO
    estimated_positions (id, x, y, direction, walking_sample_id)
VALUES
    (
        '01JET50F7X04QEKFQAAJRMTFG7',
        670,
        2700,
        270,
        '01JET50F7XQ9CPYFHBQNGR1XTW'
    );

INSERT INTO
    walking_information (id, pedestrian_id)
VALUES
    (
        '01JET50F7X47RSE5EWB397HVZE',
        '01F8VYXK67BGC1F9RP1E4S9YAK'
    );

INSERT INTO
    walking_samples (
        id,
        is_converged,
        trajectory_id,
        walking_information_id
    )
VALUES
    (
        '01JET50F7X4WJF8S2ZQ2GPRVA6',
        TRUE,
        '01JET1DV4WJ2EP78B8HAKK5SP0',
        '01JET50F7X47RSE5EWB397HVZE'
    );

INSERT INTO
    estimated_positions (id, x, y, direction, walking_sample_id)
VALUES
    (
        '01JET50F7XJTEHYZTFNA64XAGN',
        610,
        2700,
        270,
        '01JET50F7X4WJF8S2ZQ2GPRVA6'
    );

INSERT INTO
    walking_information (id, pedestrian_id)
VALUES
    (
        '01JET50F7XPK2P7N39B1C70NDB',
        '01F8VYXK67BGC1F9RP1E4S9YAK'
    );

INSERT INTO
    walking_samples (
        id,
        is_converged,
        trajectory_id,
        walking_information_id
    )
VALUES
    (
        '01JET50F7XWS7RDH3FNH4268GT',
        TRUE,
        '01JET1DV4WJ2EP78B8HAKK5SP0',
        '01JET50F7XPK2P7N39B1C70NDB'
    );

INSERT INTO
    estimated_positions (id, x, y, direction, walking_sample_id)
VALUES
    (
        '01JET50F7XD332KV97GXAPGKVT',
        550,
        2700,
        270,
        '01JET50F7XWS7RDH3FNH4268GT'
    );

INSERT INTO
    walking_information (id, pedestrian_id)
VALUES
    (
        '01JET50F7X39TM4WWXQYRDGSQW',
        '01F8VYXK67BGC1F9RP1E4S9YAK'
    );

INSERT INTO
    walking_samples (
        id,
        is_converged,
        trajectory_id,
        walking_information_id
    )
VALUES
    (
        '01JET50F7X568VEW3N7NXDAAB6',
        TRUE,
        '01JET1DV4WJ2EP78B8HAKK5SP0',
        '01JET50F7X39TM4WWXQYRDGSQW'
    );

INSERT INTO
    estimated_positions (id, x, y, direction, walking_sample_id)
VALUES
    (
        '01JET50F7X6XMYA56F7SS17ZPD',
        490,
        2700,
        270,
        '01JET50F7X568VEW3N7NXDAAB6'
    );

INSERT INTO
    walking_information (id, pedestrian_id)
VALUES
    (
        '01JET50F7XR8RR921W7MJJW6MZ',
        '01F8VYXK67BGC1F9RP1E4S9YAK'
    );

INSERT INTO
    walking_samples (
        id,
        is_converged,
        trajectory_id,
        walking_information_id
    )
VALUES
    (
        '01JET50F7XRQ1MSCSE557KT9SN',
        TRUE,
        '01JET1DV4WJ2EP78B8HAKK5SP0',
        '01JET50F7XR8RR921W7MJJW6MZ'
    );

INSERT INTO
    estimated_positions (id, x, y, direction, walking_sample_id)
VALUES
    (
        '01JET50F7X0GCFR2K6AX0S3BJ7',
        430,
        2700,
        270,
        '01JET50F7XRQ1MSCSE557KT9SN'
    );